/*
SQLyog Ultimate v9.63 
MySQL - 5.5.5-10.5.10-MariaDB : Database - jpingenieria
*********************************************************************
*/

/*!40101 SET NAMES utf8 */;

/*!40101 SET SQL_MODE=''*/;

/*!40014 SET @OLD_UNIQUE_CHECKS=@@UNIQUE_CHECKS, UNIQUE_CHECKS=0 */;
/*!40014 SET @OLD_FOREIGN_KEY_CHECKS=@@FOREIGN_KEY_CHECKS, FOREIGN_KEY_CHECKS=0 */;
/*!40101 SET @OLD_SQL_MODE=@@SQL_MODE, SQL_MODE='NO_AUTO_VALUE_ON_ZERO' */;
/*!40111 SET @OLD_SQL_NOTES=@@SQL_NOTES, SQL_NOTES=0 */;
CREATE DATABASE /*!32312 IF NOT EXISTS*/`jpingenieria` /*!40100 DEFAULT CHARACTER SET utf8 COLLATE utf8_swedish_ci */;

USE `jpingenieria`;

/*Table structure for table `departamento` */

DROP TABLE IF EXISTS `departamento`;

CREATE TABLE `departamento` (
  `iddepartamento` int(2) DEFAULT NULL,
  `departamento` varchar(600) COLLATE utf8_spanish2_ci DEFAULT NULL,
  `idpais` int(4) DEFAULT NULL
) ENGINE=InnoDB DEFAULT CHARSET=utf8 COLLATE=utf8_spanish2_ci;

/*Data for the table `departamento` */

LOCK TABLES `departamento` WRITE;

insert  into `departamento`(`iddepartamento`,`departamento`,`idpais`) values (1,'AMAZONAS',9589),(2,'ANCASH',9589),(3,'APURIMAC',9589),(4,'AREQUIPA',9589),(5,'AYACUCHO',9589),(6,'CAJAMARCA',9589),(7,'PROV. CONST. DEL CALLAO',9589),(8,'CUSCO',9589),(9,'HUANCAVELICA',9589),(10,'HUANUCO',9589),(11,'ICA',9589),(12,'JUNIN',9589),(13,'LA LIBERTAD',9589),(14,'LAMBAYEQUE',9589),(15,'LIMA',9589),(16,'LORETO',9589),(17,'MADRE DE DIOS',9589),(18,'MOQUEGUA',9589),(19,'PASCO',9589),(20,'PIURA',9589),(21,'PUNO',9589),(22,'SAN MARTIN',9589),(23,'TACNA',9589),(24,'TUMBES',9589),(25,'UCAYALI',9589);

UNLOCK TABLES;

/*Table structure for table `distrito` */

DROP TABLE IF EXISTS `distrito`;

CREATE TABLE `distrito` (
  `iddistrito` int(6) DEFAULT NULL,
  `distrito` varchar(600) COLLATE utf8_spanish2_ci DEFAULT NULL,
  `idprovincia` int(4) DEFAULT NULL
) ENGINE=InnoDB DEFAULT CHARSET=utf8 COLLATE=utf8_spanish2_ci;

/*Data for the table `distrito` */

LOCK TABLES `distrito` WRITE;

insert  into `distrito`(`iddistrito`,`distrito`,`idprovincia`) values (10101,'CHACHAPOYAS',101),(10102,'ASUNCION',101),(10103,'BALSAS',101),(10104,'CHETO',101),(10105,'CHILIQUIN',101),(10106,'CHUQUIBAMBA',101),(10107,'GRANADA',101),(10108,'HUANCAS',101),(10109,'LA JALCA',101),(10110,'LEIMEBAMBA',101),(10111,'LEVANTO',101),(10112,'MAGDALENA',101),(10113,'MARISCAL CASTILLA',101),(10114,'MOLINOPAMPA',101),(10115,'MONTEVIDEO',101),(10116,'OLLEROS',101),(10117,'QUINJALCA',101),(10118,'SAN FRANCISCO DE DAGUAS',101),(10119,'SAN ISIDRO DE MAINO',101),(10120,'SOLOCO',101),(10121,'SONCHE',101),(10201,'BAGUA',102),(10202,'ARAMANGO',102),(10203,'COPALLIN',102),(10204,'EL PARCO',102),(10205,'IMAZA',102),(10206,'LA PECA',102),(10301,'JUMBILLA',103),(10302,'CHISQUILLA',103),(10303,'CHURUJA',103),(10304,'COROSHA',103),(10305,'CUISPES',103),(10306,'FLORIDA',103),(10307,'JAZAN',103),(10308,'RECTA',103),(10309,'SAN CARLOS',103),(10310,'SHIPASBAMBA',103),(10311,'VALERA',103),(10312,'YAMBRASBAMBA',103),(10401,'NIEVA',104),(10402,'EL CENEPA',104),(10403,'RIO SANTIAGO',104),(10501,'LAMUD',105),(10502,'CAMPORREDONDO',105),(10503,'COCABAMBA',105),(10504,'COLCAMAR',105),(10505,'CONILA',105),(10506,'INGUILPATA',105),(10507,'LONGUITA',105),(10508,'LONYA CHICO',105),(10509,'LUYA',105),(10510,'LUYA VIEJO',105),(10511,'MARIA',105),(10512,'OCALLI',105),(10513,'OCUMAL',105),(10514,'PISUQUIA',105),(10515,'PROVIDENCIA',105),(10516,'SAN CRISTOBAL',105),(10517,'SAN FRANCISCO DEL YESO',105),(10518,'SAN JERONIMO',105),(10519,'SAN JUAN DE LOPECANCHA',105),(10520,'SANTA CATALINA',105),(10521,'SANTO TOMAS',105),(10522,'TINGO',105),(10523,'TRITA',105),(10601,'SAN NICOLAS',106),(10602,'CHIRIMOTO',106),(10603,'COCHAMAL',106),(10604,'HUAMBO',106),(10605,'LIMABAMBA',106),(10606,'LONGAR',106),(10607,'MARISCAL BENAVIDES',106),(10608,'MILPUC',106),(10609,'OMIA',106),(10610,'SANTA ROSA',106),(10611,'TOTORA',106),(10612,'VISTA ALEGRE',106),(10701,'BAGUA GRANDE',107),(10702,'CAJARURO',107),(10703,'CUMBA',107),(10704,'EL MILAGRO',107),(10705,'JAMALCA',107),(10706,'LONYA GRANDE',107),(10707,'YAMON',107),(20101,'HUARAZ',201),(20102,'COCHABAMBA',201),(20103,'COLCABAMBA',201),(20104,'HUANCHAY',201),(20105,'INDEPENDENCIA',201),(20106,'JANGAS',201),(20107,'LA LIBERTAD',201),(20108,'OLLEROS',201),(20109,'PAMPAS',201),(20110,'PARIACOTO',201),(20111,'PIRA',201),(20112,'TARICA',201),(20201,'AIJA',202),(20202,'CORIS',202),(20203,'HUACLLAN',202),(20204,'LA MERCED',202),(20205,'SUCCHA',202),(20301,'LLAMELLIN',203),(20302,'ACZO',203),(20303,'CHACCHO',203),(20304,'CHINGAS',203),(20305,'MIRGAS',203),(20306,'SAN JUAN DE RONTOY',203),(20401,'CHACAS',204),(20402,'ACOCHACA',204),(20501,'CHIQUIAN',205),(20502,'ABELARDO PARDO LEZAMETA',205),(20503,'ANTONIO RAYMONDI',205),(20504,'AQUIA',205),(20505,'CAJACAY',205),(20506,'CANIS',205),(20507,'COLQUIOC',205),(20508,'HUALLANCA',205),(20509,'HUASTA',205),(20510,'HUAYLLACAYAN',205),(20511,'LA PRIMAVERA',205),(20512,'MANGAS',205),(20513,'PACLLON',205),(20514,'SAN MIGUEL DE CORPANQUI',205),(20515,'TICLLOS',205),(20601,'CARHUAZ',206),(20602,'ACOPAMPA',206),(20603,'AMASHCA',206),(20604,'ANTA',206),(20605,'ATAQUERO',206),(20606,'MARCARA',206),(20607,'PARIAHUANCA',206),(20608,'SAN MIGUEL DE ACO',206),(20609,'SHILLA',206),(20610,'TINCO',206),(20611,'YUNGAR',206),(20701,'SAN LUIS',207),(20702,'SAN NICOLAS',207),(20703,'YAUYA',207),(20801,'CASMA',208),(20802,'BUENA VISTA ALTA',208),(20803,'COMANDANTE NOEL',208),(20804,'YAUTAN',208),(20901,'CORONGO',209),(20902,'ACO',209),(20903,'BAMBAS',209),(20904,'CUSCA',209),(20905,'LA PAMPA',209),(20906,'YANAC',209),(20907,'YUPAN',209),(21001,'HUARI',210),(21002,'ANRA',210),(21003,'CAJAY',210),(21004,'CHAVIN DE HUANTAR',210),(21005,'HUACACHI',210),(21006,'HUACCHIS',210),(21007,'HUACHIS',210),(21008,'HUANTAR',210),(21009,'MASIN',210),(21010,'PAUCAS',210),(21011,'PONTO',210),(21012,'RAHUAPAMPA',210),(21013,'RAPAYAN',210),(21014,'SAN MARCOS',210),(21015,'SAN PEDRO DE CHANA',210),(21016,'UCO',210),(21101,'HUARMEY',211),(21102,'COCHAPETI',211),(21103,'CULEBRAS',211),(21104,'HUAYAN',211),(21105,'MALVAS',211),(21201,'CARAZ',212),(21202,'HUALLANCA',212),(21203,'HUATA',212),(21204,'HUAYLAS',212),(21205,'MATO',212),(21206,'PAMPAROMAS',212),(21207,'PUEBLO LIBRE  / 1 ',212),(21208,'SANTA CRUZ',212),(21209,'SANTO TORIBIO',212),(21210,'YURACMARCA',212),(21301,'PISCOBAMBA',213),(21302,'CASCA',213),(21303,'ELEAZAR GUZMAN BARRON',213),(21304,'FIDEL OLIVAS ESCUDERO',213),(21305,'LLAMA',213),(21306,'LLUMPA',213),(21307,'LUCMA',213),(21308,'MUSGA',213),(21401,'OCROS',214),(21402,'ACAS',214),(21403,'CAJAMARQUILLA',214),(21404,'CARHUAPAMPA',214),(21405,'COCHAS',214),(21406,'CONGAS',214),(21407,'LLIPA',214),(21408,'SAN CRISTOBAL DE RAJAN',214),(21409,'SAN PEDRO',214),(21410,'SANTIAGO DE CHILCAS',214),(21501,'CABANA',215),(21502,'BOLOGNESI',215),(21503,'CONCHUCOS',215),(21504,'HUACASCHUQUE',215),(21505,'HUANDOVAL',215),(21506,'LACABAMBA',215),(21507,'LLAPO',215),(21508,'PALLASCA',215),(21509,'PAMPAS',215),(21510,'SANTA ROSA',215),(21511,'TAUCA',215),(21601,'POMABAMBA',216),(21602,'HUAYLLAN',216),(21603,'PAROBAMBA',216),(21604,'QUINUABAMBA',216),(21701,'RECUAY',217),(21702,'CATAC',217),(21703,'COTAPARACO',217),(21704,'HUAYLLAPAMPA',217),(21705,'LLACLLIN',217),(21706,'MARCA',217),(21707,'PAMPAS CHICO',217),(21708,'PARARIN',217),(21709,'TAPACOCHA',217),(21710,'TICAPAMPA',217),(21801,'CHIMBOTE',218),(21802,'CACERES DEL PERU',218),(21803,'COISHCO',218),(21804,'MACATE',218),(21805,'MORO',218),(21806,'NEPE',218),(21807,'SAMANCO',218),(21808,'SANTA',218),(21809,'NUEVO CHIMBOTE',218),(21901,'SIHUAS',219),(21902,'ACOBAMBA',219),(21903,'ALFONSO UGARTE',219),(21904,'CASHAPAMPA',219),(21905,'CHINGALPO',219),(21906,'HUAYLLABAMBA',219),(21907,'QUICHES',219),(21908,'RAGASH',219),(21909,'SAN JUAN',219),(21910,'SICSIBAMBA',219),(22001,'YUNGAY',220),(22002,'CASCAPARA',220),(22003,'MANCOS',220),(22004,'MATACOTO',220),(22005,'QUILLO',220),(22006,'RANRAHIRCA',220),(22007,'SHUPLUY',220),(22008,'YANAMA',220),(30101,'ABANCAY',301),(30102,'CHACOCHE',301),(30103,'CIRCA',301),(30104,'CURAHUASI',301),(30105,'HUANIPACA',301),(30106,'LAMBRAMA',301),(30107,'PICHIRHUA',301),(30108,'SAN PEDRO DE CACHORA',301),(30109,'TAMBURCO',301),(30201,'ANDAHUAYLAS',302),(30202,'ANDARAPA',302),(30203,'CHIARA',302),(30204,'HUANCARAMA',302),(30205,'HUANCARAY',302),(30206,'HUAYANA',302),(30207,'KISHUARA',302),(30208,'PACOBAMBA',302),(30209,'PACUCHA',302),(30210,'PAMPACHIRI',302),(30211,'POMACOCHA',302),(30212,'SAN ANTONIO DE CACHI',302),(30213,'SAN JERONIMO',302),(30214,'SAN MIGUEL DE CHACCRAMPA',302),(30215,'SANTA MARIA DE CHICMO',302),(30216,'TALAVERA',302),(30217,'TUMAY HUARACA',302),(30218,'TURPO',302),(30219,'KAQUIABAMBA',302),(30301,'ANTABAMBA',303),(30302,'EL ORO',303),(30303,'HUAQUIRCA',303),(30304,'JUAN ESPINOZA MEDRANO',303),(30305,'OROPESA',303),(30306,'PACHACONAS',303),(30307,'SABAINO',303),(30401,'CHALHUANCA',304),(30402,'CAPAYA',304),(30403,'CARAYBAMBA',304),(30404,'CHAPIMARCA',304),(30405,'COLCABAMBA',304),(30406,'COTARUSE',304),(30407,'HUAYLLO',304),(30408,'JUSTO APU SAHUARAURA',304),(30409,'LUCRE',304),(30410,'POCOHUANCA',304),(30411,'SAN JUAN DE CHAC',304),(30412,'SA',304),(30413,'SORAYA',304),(30414,'TAPAIRIHUA',304),(30415,'TINTAY',304),(30416,'TORAYA',304),(30417,'YANACA',304),(30501,'TAMBOBAMBA',305),(30502,'COTABAMBAS',305),(30503,'COYLLURQUI',305),(30504,'HAQUIRA',305),(30505,'MARA',305),(30506,'CHALLHUAHUACHO',305),(30601,'CHINCHEROS',306),(30602,'ANCO-HUALLO',306),(30603,'COCHARCAS',306),(30604,'HUACCANA',306),(30605,'OCOBAMBA',306),(30606,'ONGOY',306),(30607,'URANMARCA',306),(30608,'RANRACANCHA',306),(30701,'CHUQUIBAMBILLA',307),(30702,'CURPAHUASI',307),(30703,'GAMARRA',307),(30704,'HUAYLLATI',307),(30705,'MAMARA',307),(30706,'MICAELA BASTIDAS',307),(30707,'PATAYPAMPA',307),(30708,'PROGRESO',307),(30709,'SAN ANTONIO',307),(30710,'SANTA ROSA',307),(30711,'TURPAY',307),(30712,'VILCABAMBA',307),(30713,'VIRUNDO',307),(30714,'CURASCO',307),(40101,'AREQUIPA',401),(40102,'ALTO SELVA ALEGRE',401),(40103,'CAYMA',401),(40104,'CERRO COLORADO',401),(40105,'CHARACATO',401),(40106,'CHIGUATA',401),(40107,'JACOBO HUNTER',401),(40108,'LA JOYA',401),(40109,'MARIANO MELGAR',401),(40110,'MIRAFLORES',401),(40111,'MOLLEBAYA',401),(40112,'PAUCARPATA',401),(40113,'POCSI',401),(40114,'POLOBAYA',401),(40115,'QUEQUE',401),(40116,'SABANDIA',401),(40117,'SACHACA',401),(40118,'SAN JUAN DE SIGUAS /1',401),(40119,'SAN JUAN DE TARUCANI',401),(40120,'SANTA ISABEL DE SIGUAS',401),(40121,'SANTA RITA DE SIGUAS',401),(40122,'SOCABAYA',401),(40123,'TIABAYA',401),(40124,'UCHUMAYO',401),(40125,'VITOR ',401),(40126,'YANAHUARA',401),(40127,'YARABAMBA',401),(40128,'YURA',401),(40129,'JOSE LUIS BUSTAMANTE Y RIVERO',401),(40201,'CAMANA',402),(40202,'JOSE MARIA QUIMPER',402),(40203,'MARIANO NICOLAS VALCARCEL',402),(40204,'MARISCAL CACERES',402),(40205,'NICOLAS DE PIEROLA',402),(40206,'OCO',402),(40207,'QUILCA',402),(40208,'SAMUEL PASTOR',402),(40301,'CARAVELI',403),(40302,'ACARI',403),(40303,'ATICO',403),(40304,'ATIQUIPA',403),(40305,'BELLA UNION',403),(40306,'CAHUACHO',403),(40307,'CHALA',403),(40308,'CHAPARRA',403),(40309,'HUANUHUANU',403),(40310,'JAQUI',403),(40311,'LOMAS',403),(40312,'QUICACHA',403),(40313,'YAUCA',403),(40401,'APLAO',404),(40402,'ANDAGUA',404),(40403,'AYO',404),(40404,'CHACHAS',404),(40405,'CHILCAYMARCA',404),(40406,'CHOCO',404),(40407,'HUANCARQUI',404),(40408,'MACHAGUAY',404),(40409,'ORCOPAMPA',404),(40410,'PAMPACOLCA',404),(40411,'TIPAN',404),(40412,'U',404),(40413,'URACA',404),(40414,'VIRACO',404),(40501,'CHIVAY',405),(40502,'ACHOMA',405),(40503,'CABANACONDE',405),(40504,'CALLALLI',405),(40505,'CAYLLOMA',405),(40506,'COPORAQUE',405),(40507,'HUAMBO',405),(40508,'HUANCA',405),(40509,'ICHUPAMPA',405),(40510,'LARI',405),(40511,'LLUTA',405),(40512,'MACA',405),(40513,'MADRIGAL',405),(40514,'SAN ANTONIO DE CHUCA  2/',405),(40515,'SIBAYO',405),(40516,'TAPAY',405),(40517,'TISCO',405),(40518,'TUTI',405),(40519,'YANQUE',405),(40520,'MAJES',405),(40601,'CHUQUIBAMBA',406),(40602,'ANDARAY',406),(40603,'CAYARANI',406),(40604,'CHICHAS',406),(40605,'IRAY',406),(40606,'RIO GRANDE',406),(40607,'SALAMANCA',406),(40608,'YANAQUIHUA',406),(40701,'MOLLENDO',407),(40702,'COCACHACRA',407),(40703,'DEAN VALDIVIA',407),(40704,'ISLAY',407),(40705,'MEJIA',407),(40706,'PUNTA DE BOMBON',407),(40801,'COTAHUASI',408),(40802,'ALCA',408),(40803,'CHARCANA',408),(40804,'HUAYNACOTAS',408),(40805,'PAMPAMARCA',408),(40806,'PUYCA',408),(40807,'QUECHUALLA',408),(40808,'SAYLA',408),(40809,'TAURIA',408),(40810,'TOMEPAMPA',408),(40811,'TORO',408),(50101,'AYACUCHO',501),(50102,'ACOCRO',501),(50103,'ACOS VINCHOS',501),(50104,'CARMEN ALTO',501),(50105,'CHIARA',501),(50106,'OCROS',501),(50107,'PACAYCASA',501),(50108,'QUINUA',501),(50109,'SAN JOSE DE TICLLAS',501),(50110,'SAN JUAN BAUTISTA',501),(50111,'SANTIAGO DE PISCHA',501),(50112,'SOCOS',501),(50113,'TAMBILLO',501),(50114,'VINCHOS',501),(50115,'JESUS NAZARENO',501),(50201,'CANGALLO',502),(50202,'CHUSCHI',502),(50203,'LOS MOROCHUCOS',502),(50204,'MARIA PARADO DE BELLIDO',502),(50205,'PARAS',502),(50206,'TOTOS',502),(50301,'SANCOS',503),(50302,'CARAPO',503),(50303,'SACSAMARCA',503),(50304,'SANTIAGO DE LUCANAMARCA',503),(50401,'HUANTA',504),(50402,'AYAHUANCO',504),(50403,'HUAMANGUILLA',504),(50404,'IGUAIN',504),(50405,'LURICOCHA',504),(50406,'SANTILLANA',504),(50407,'SIVIA',504),(50408,'LLOCHEGUA',504),(50501,'SAN MIGUEL',505),(50502,'ANCO',505),(50503,'AYNA',505),(50504,'CHILCAS',505),(50505,'CHUNGUI',505),(50506,'LUIS CARRANZA',505),(50507,'SANTA ROSA',505),(50508,'TAMBO',505),(50601,'PUQUIO',506),(50602,'AUCARA',506),(50603,'CABANA',506),(50604,'CARMEN SALCEDO',506),(50605,'CHAVI',506),(50606,'CHIPAO',506),(50607,'HUAC-HUAS',506),(50608,'LARAMATE',506),(50609,'LEONCIO PRADO',506),(50610,'LLAUTA',506),(50611,'LUCANAS',506),(50612,'OCA',506),(50613,'OTOCA',506),(50614,'SAISA',506),(50615,'SAN CRISTOBAL',506),(50616,'SAN JUAN',506),(50617,'SAN PEDRO',506),(50618,'SAN PEDRO DE PALCO',506),(50619,'SANCOS',506),(50620,'SANTA ANA DE HUAYCAHUACHO',506),(50621,'SANTA LUCIA',506),(50701,'CORACORA',507),(50702,'CHUMPI',507),(50703,'CORONEL CASTA',507),(50704,'PACAPAUSA',507),(50705,'PULLO',507),(50706,'PUYUSCA',507),(50707,'SAN FRANCISCO DE RAVACAYCO',507),(50708,'UPAHUACHO',507),(50801,'PAUSA',508),(50802,'COLTA',508),(50803,'CORCULLA',508),(50804,'LAMPA',508),(50805,'MARCABAMBA',508),(50806,'OYOLO',508),(50807,'PARARCA',508),(50808,'SAN JAVIER DE ALPABAMBA',508),(50809,'SAN JOSE DE USHUA',508),(50810,'SARA SARA',508),(50901,'QUEROBAMBA',509),(50902,'BELEN',509),(50903,'CHALCOS',509),(50904,'CHILCAYOC',509),(50905,'HUACA',509),(50906,'MORCOLLA',509),(50907,'PAICO',509),(50908,'SAN PEDRO DE LARCAY',509),(50909,'SAN SALVADOR DE QUIJE',509),(50910,'SANTIAGO DE PAUCARAY',509),(50911,'SORAS',509),(51001,'HUANCAPI',510),(51002,'ALCAMENCA',510),(51003,'APONGO',510),(51004,'ASQUIPATA',510),(51005,'CANARIA',510),(51006,'CAYARA',510),(51007,'COLCA',510),(51008,'HUAMANQUIQUIA',510),(51009,'HUANCARAYLLA',510),(51010,'HUAYA',510),(51011,'SARHUA',510),(51012,'VILCANCHOS',510),(51101,'VILCAS HUAMAN',511),(51102,'ACCOMARCA',511),(51103,'CARHUANCA',511),(51104,'CONCEPCION',511),(51105,'HUAMBALPA',511),(51106,'INDEPENDENCIA /1',511),(51107,'SAURAMA',511),(51108,'VISCHONGO',511),(60101,'CAJAMARCA',601),(60102,'ASUNCION',601),(60103,'CHETILLA',601),(60104,'COSPAN',601),(60105,'ENCA',601),(60106,'JESUS',601),(60107,'LLACANORA',601),(60108,'LOS BA',601),(60109,'MAGDALENA',601),(60110,'MATARA',601),(60111,'NAMORA',601),(60112,'SAN JUAN',601),(60201,'CAJABAMBA',602),(60202,'CACHACHI',602),(60203,'CONDEBAMBA',602),(60204,'SITACOCHA',602),(60301,'CELENDIN',603),(60302,'CHUMUCH',603),(60303,'CORTEGANA',603),(60304,'HUASMIN',603),(60305,'JORGE CHAVEZ',603),(60306,'JOSE GALVEZ',603),(60307,'MIGUEL IGLESIAS',603),(60308,'OXAMARCA',603),(60309,'SOROCHUCO',603),(60310,'SUCRE',603),(60311,'UTCO',603),(60312,'LA LIBERTAD DE PALLAN',603),(60401,'CHOTA',604),(60402,'ANGUIA',604),(60403,'CHADIN',604),(60404,'CHIGUIRIP',604),(60405,'CHIMBAN',604),(60406,'CHOROPAMPA',604),(60407,'COCHABAMBA',604),(60408,'CONCHAN',604),(60409,'HUAMBOS',604),(60410,'LAJAS',604),(60411,'LLAMA',604),(60412,'MIRACOSTA',604),(60413,'PACCHA',604),(60414,'PION',604),(60415,'QUEROCOTO',604),(60416,'SAN JUAN DE LICUPIS',604),(60417,'TACABAMBA',604),(60418,'TOCMOCHE',604),(60419,'CHALAMARCA',604),(60501,'CONTUMAZA',605),(60502,'CHILETE',605),(60503,'CUPISNIQUE',605),(60504,'GUZMANGO',605),(60505,'SAN BENITO',605),(60506,'SANTA CRUZ DE TOLED',605),(60507,'TANTARICA',605),(60508,'YONAN',605),(60601,'CUTERVO',606),(60602,'CALLAYUC',606),(60603,'CHOROS',606),(60604,'CUJILLO',606),(60605,'LA RAMADA',606),(60606,'PIMPINGOS',606),(60607,'QUEROCOTILLO',606),(60608,'SAN ANDRES DE CUTERVO',606),(60609,'SAN JUAN DE CUTERVO',606),(60610,'SAN LUIS DE LUCMA',606),(60611,'SANTA CRUZ',606),(60612,'SANTO DOMINGO DE LA CAPILLA',606),(60613,'SANTO TOMAS',606),(60614,'SOCOTA',606),(60615,'TORIBIO CASANOVA',606),(60701,'BAMBAMARCA',607),(60702,'CHUGUR',607),(60703,'HUALGAYOC',607),(60801,'JAEN',608),(60802,'BELLAVISTA',608),(60803,'CHONTALI',608),(60804,'COLASAY',608),(60805,'HUABAL',608),(60806,'LAS PIRIAS',608),(60807,'POMAHUACA',608),(60808,'PUCARA',608),(60809,'SALLIQUE',608),(60810,'SAN FELIPE',608),(60811,'SAN JOSE DEL ALTO',608),(60812,'SANTA ROSA',608),(60901,'SAN IGNACIO',609),(60902,'CHIRINOS',609),(60903,'HUARANGO',609),(60904,'LA COIPA',609),(60905,'NAMBALLE',609),(60906,'SAN JOSE DE LOURDES',609),(60907,'TABACONAS',609),(61001,'PEDRO GALVEZ',610),(61002,'CHANCAY',610),(61003,'EDUARDO VILLANUEVA',610),(61004,'GREGORIO PITA',610),(61005,'ICHOCAN',610),(61006,'JOSE MANUEL QUIROZ',610),(61007,'JOSE SABOGAL',610),(61101,'SAN MIGUEL',611),(61102,'BOLIVAR',611),(61103,'CALQUIS',611),(61104,'CATILLUC',611),(61105,'EL PRADO',611),(61106,'LA FLORIDA',611),(61107,'LLAPA',611),(61108,'NANCHOC',611),(61109,'NIEPOS',611),(61110,'SAN GREGORIO',611),(61111,'SAN SILVESTRE DE COCHAN',611),(61112,'TONGOD',611),(61113,'UNION AGUA BLANCA',611),(61201,'SAN PABLO',612),(61202,'SAN BERNARDINO',612),(61203,'SAN LUIS',612),(61204,'TUMBADEN',612),(61301,'SANTA CRUZ',613),(61302,'ANDABAMBA',613),(61303,'CATACHE',613),(61304,'CHANCAYBA',613),(61305,'LA ESPERANZA',613),(61306,'NINABAMBA',613),(61307,'PULAN',613),(61308,'SAUCEPAMPA',613),(61309,'SEXI',613),(61310,'UTICYACU',613),(61311,'YAUYUCAN',613),(70101,'CALLAO',701),(70102,'BELLAVISTA',701),(70103,'CARMEN DE LA LEGUA REYNOSO',701),(70104,'LA PERLA',701),(70105,'LA PUNTA',701),(70106,'VENTANILLA',701),(80101,'CUSCO',801),(80102,'CCORCA',801),(80103,'POROY',801),(80104,'SAN JERONIMO',801),(80105,'SAN SEBASTIAN',801),(80106,'SANTIAGO',801),(80107,'SAYLLA',801),(80108,'WANCHAQ',801),(80201,'ACOMAYO',802),(80202,'ACOPIA',802),(80203,'ACOS',802),(80204,'MOSOC LLACTA',802),(80205,'POMACANCHI',802),(80206,'RONDOCAN',802),(80207,'SANGARARA',802),(80301,'ANTA',803),(80302,'ANCAHUASI',803),(80303,'CACHIMAYO',803),(80304,'CHINCHAYPUJIO',803),(80305,'HUAROCONDO',803),(80306,'LIMATAMBO',803),(80307,'MOLLEPATA',803),(80308,'PUCYURA',803),(80309,'ZURITE',803),(80401,'CALCA',804),(80402,'COYA',804),(80403,'LAMAY',804),(80404,'LARES',804),(80405,'PISAC',804),(80406,'SAN SALVADOR',804),(80407,'TARAY',804),(80408,'YANATILE',804),(80501,'YANAOCA',805),(80502,'CHECCA',805),(80503,'KUNTURKANKI',805),(80504,'LANGUI',805),(80505,'LAYO',805),(80506,'PAMPAMARCA',805),(80507,'QUEHUE',805),(80508,'TUPAC AMARU',805),(80601,'SICUANI',806),(80602,'CHECACUPE',806),(80603,'COMBAPATA',806),(80604,'MARANGANI',806),(80605,'PITUMARCA',806),(80606,'SAN PABLO',806),(80607,'SAN PEDRO',806),(80608,'TINTA',806),(80701,'SANTO TOMAS',807),(80702,'CAPACMARCA',807),(80703,'CHAMACA',807),(80704,'COLQUEMARCA',807),(80705,'LIVITACA',807),(80706,'LLUSCO',807),(80707,'QUI',807),(80708,'VELILLE',807),(80801,'ESPINAR',808),(80802,'CONDOROMA',808),(80803,'COPORAQUE',808),(80804,'OCORURO',808),(80805,'PALLPATA',808),(80806,'PICHIGUA',808),(80807,'SUYCKUTAMBO 3/',808),(80808,'ALTO PICHIGUA',808),(80901,'SANTA ANA',809),(80902,'ECHARATE',809),(80903,'HUAYOPATA /1',809),(80904,'MARANURA',809),(80905,'OCOBAMBA  /2',809),(80906,'QUELLOUNO',809),(80907,'KIMBIRI',809),(80908,'SANTA TERESA',809),(80909,'VILCABAMBA',809),(80910,'PICHARI',809),(81001,'PARURO',810),(81002,'ACCHA',810),(81003,'CCAPI',810),(81004,'COLCHA',810),(81005,'HUANOQUITE',810),(81006,'OMACHA',810),(81007,'PACCARITAMBO',810),(81008,'PILLPINTO',810),(81009,'YAURISQUE',810),(81101,'PAUCARTAMBO',811),(81102,'CAICAY',811),(81103,'CHALLABAMBA',811),(81104,'COLQUEPATA',811),(81105,'HUANCARANI',811),(81106,'KOS',811),(81201,'URCOS',812),(81202,'ANDAHUAYLILLAS',812),(81203,'CAMANTI',812),(81204,'CCARHUAYO',812),(81205,'CCATCA',812),(81206,'CUSIPATA',812),(81207,'HUARO',812),(81208,'LUCRE',812),(81209,'MARCAPATA',812),(81210,'OCONGATE',812),(81211,'OROPESA',812),(81212,'QUIQUIJANA',812),(81301,'URUBAMBA',813),(81302,'CHINCHERO',813),(81303,'HUAYLLABAMBA',813),(81304,'MACHUPICCHU',813),(81305,'MARAS',813),(81306,'OLLANTAYTAMBO',813),(81307,'YUCAY',813),(90101,'HUANCAVELICA',901),(90102,'ACOBAMBILLA',901),(90103,'ACORIA',901),(90104,'CONAYCA',901),(90105,'CUENCA',901),(90106,'HUACHOCOLPA',901),(90107,'HUAYLLAHUARA',901),(90108,'IZCUCHACA',901),(90109,'LARIA',901),(90110,'MANTA',901),(90111,'MARISCAL CACERES',901),(90112,'MOYA',901),(90113,'NUEVO OCCORO',901),(90114,'PALCA',901),(90115,'PILCHACA',901),(90116,'VILCA',901),(90117,'YAULI',901),(90118,'ASCENSION',901),(90119,'HUANDO',901),(90201,'ACOBAMBA',902),(90202,'ANDABAMBA',902),(90203,'ANTA',902),(90204,'CAJA',902),(90205,'MARCAS',902),(90206,'PAUCARA',902),(90207,'POMACOCHA',902),(90208,'ROSARIO',902),(90301,'LIRCAY',903),(90302,'ANCHONGA',903),(90303,'CALLANMARCA',903),(90304,'CCOCHACCASA',903),(90305,'CHINCHO',903),(90306,'CONGALLA',903),(90307,'HUANCA-HUANCA',903),(90308,'HUAYLLAY GRANDE',903),(90309,'JULCAMARCA',903),(90310,'SAN ANTONIO DE ANTAPARCO',903),(90311,'SANTO TOMAS DE PATA',903),(90312,'SECCLLA',903),(90401,'CASTROVIRREYNA',904),(90402,'ARMA',904),(90403,'AURAHUA',904),(90404,'CAPILLAS',904),(90405,'CHUPAMARCA',904),(90406,'COCAS',904),(90407,'HUACHOS',904),(90408,'HUAMATAMBO',904),(90409,'MOLLEPAMPA',904),(90410,'SAN JUAN',904),(90411,'SANTA ANA',904),(90412,'TANTARA',904),(90413,'TICRAPO',904),(90501,'CHURCAMPA',905),(90502,'ANCO',905),(90503,'CHINCHIHUASI',905),(90504,'EL CARMEN',905),(90505,'LA MERCED',905),(90506,'LOCROJA',905),(90507,'PAUCARBAMBA',905),(90508,'SAN MIGUEL DE MAYOCC',905),(90509,'SAN PEDRO DE CORIS',905),(90510,'PACHAMARCA ',905),(90601,'HUAYTARA',906),(90602,'AYAVI',906),(90603,'CORDOVA',906),(90604,'HUAYACUNDO ARMA',906),(90605,'LARAMARCA',906),(90606,'OCOYO',906),(90607,'PILPICHACA',906),(90608,'QUERCO',906),(90609,'QUITO-ARMA',906),(90610,'SAN ANTONIO DE CUSICANCHA',906),(90611,'SAN FRANCISCO DE SANGAYAICO',906),(90612,'SAN ISIDRO',906),(90613,'SANTIAGO DE CHOCORVOS',906),(90614,'SANTIAGO DE QUIRAHUARA',906),(90615,'SANTO DOMINGO DE CAPILLAS',906),(90616,'TAMBO',906),(90701,'PAMPAS',907),(90702,'ACOSTAMBO',907),(90703,'ACRAQUIA',907),(90704,'AHUAYCHA',907),(90705,'COLCABAMBA',907),(90706,'DANIEL HERNANDEZ',907),(90707,'HUACHOCOLPA',907),(90709,'HUARIBAMBA',907),(90710,'',907),(90711,'PAZOS',907),(90713,'QUISHUAR',907),(90714,'SALCABAMBA',907),(90715,'SALCAHUASI',907),(90716,'SAN MARCOS DE ROCCHAC',907),(90717,'SURCUBAMBA',907),(90718,'TINTAY PUNCU',907),(100101,'HUANUCO',1001),(100102,'AMARILIS',1001),(100103,'CHINCHAO',1001),(100104,'CHURUBAMBA',1001),(100105,'MARGOS',1001),(100106,'QUISQUI',1001),(100107,'SAN FRANCISCO DE CAYRAN',1001),(100108,'SAN PEDRO DE CHAULAN',1001),(100109,'SANTA MARIA DEL VALLE',1001),(100110,'YARUMAYO',1001),(100111,'PILLCO MARCA',1001),(100201,'AMBO',1002),(100202,'CAYNA',1002),(100203,'COLPAS',1002),(100204,'CONCHAMARCA',1002),(100205,'HUACAR',1002),(100206,'SAN FRANCISCO',1002),(100207,'SAN RAFAEL',1002),(100208,'TOMAY KICHWA',1002),(100301,'LA UNION',1003),(100307,'CHUQUIS',1003),(100311,'MARIAS',1003),(100313,'PACHAS',1003),(100316,'QUIVILLA',1003),(100317,'RIPAN',1003),(100321,'SHUNQUI',1003),(100322,'SILLAPATA',1003),(100323,'YANAS',1003),(100401,'HUACAYBAMBA',1004),(100402,'CANCHABAMBA',1004),(100403,'COCHABAMBA',1004),(100404,'PINRA',1004),(100501,'LLATA',1005),(100502,'ARANCAY',1005),(100503,'CHAVIN DE PARIARCA',1005),(100504,'JACAS GRANDE',1005),(100505,'JIRCAN',1005),(100506,'MIRAFLORES',1005),(100507,'MONZON',1005),(100508,'PUNCHAO',1005),(100509,'PU',1005),(100510,'SINGA',1005),(100511,'TANTAMAYO',1005),(100601,'RUPA-RUPA',1006),(100602,'DANIEL ALOMIA ROBLES',1006),(100603,'HERMILIO VALDIZAN',1006),(100604,'JOSE CRESPO Y CASTILLO',1006),(100605,'LUYANDO 1/',1006),(100606,'MARIANO DAMASO BERAUN',1006),(100701,'HUACRACHUCO',1007),(100702,'CHOLON',1007),(100703,'SAN BUENAVENTURA',1007),(100801,'PANAO',1008),(100802,'CHAGLLA',1008),(100803,'MOLINO',1008),(100804,'UMARI  ',1008),(100901,'PUERTO INCA',1009),(100902,'CODO DEL POZUZO',1009),(100903,'HONORIA',1009),(100904,'TOURNAVISTA',1009),(100905,'YUYAPICHIS',1009),(101001,'JESUS',1010),(101002,'BA',1010),(101003,'JIVIA',1010),(101004,'QUEROPALCA',1010),(101005,'RONDOS',1010),(101006,'SAN FRANCISCO DE ASIS',1010),(101007,'SAN MIGUEL DE CAURI',1010),(101101,'CHAVINILLO',1011),(101102,'CAHUAC',1011),(101103,'CHACABAMBA',1011),(101104,'APARICIO POMARES',1011),(101105,'JACAS CHICO',1011),(101106,'OBAS',1011),(101107,'PAMPAMARCA',1011),(101108,'CHORAS',1011),(110101,'ICA',1101),(110102,'LA TINGUI',1101),(110103,'LOS AQUIJES',1101),(110104,'OCUCAJE',1101),(110105,'PACHACUTEC',1101),(110106,'PARCONA',1101),(110107,'PUEBLO NUEVO',1101),(110108,'SALAS',1101),(110109,'SAN JOSE DE LOS MOLINOS',1101),(110110,'SAN JUAN BAUTISTA',1101),(110111,'SANTIAGO',1101),(110112,'SUBTANJALLA',1101),(110113,'TATE',1101),(110114,'YAUCA DEL ROSARIO  1/',1101),(110201,'CHINCHA ALTA',1102),(110202,'ALTO LARAN',1102),(110203,'CHAVIN',1102),(110204,'CHINCHA BAJA',1102),(110205,'EL CARMEN',1102),(110206,'GROCIO PRADO',1102),(110207,'PUEBLO NUEVO',1102),(110208,'SAN JUAN DE YANAC',1102),(110209,'SAN PEDRO DE HUACARPANA',1102),(110210,'SUNAMPE',1102),(110211,'TAMBO DE MORA',1102),(110301,'NAZCA',1103),(110302,'CHANGUILLO',1103),(110303,'EL INGENIO',1103),(110304,'MARCONA',1103),(110305,'VISTA ALEGRE',1103),(110401,'PALPA',1104),(110402,'LLIPATA',1104),(110403,'RIO GRANDE',1104),(110404,'SANTA CRUZ',1104),(110405,'TIBILLO',1104),(110501,'PISCO',1105),(110502,'HUANCANO',1105),(110503,'HUMAY',1105),(110504,'INDEPENDENCIA',1105),(110505,'PARACAS',1105),(110506,'SAN ANDRES',1105),(110507,'SAN CLEMENTE',1105),(110508,'TUPAC AMARU INCA',1105),(120101,'HUANCAYO',1201),(120104,'CARHUACALLANGA',1201),(120105,'CHACAPAMPA',1201),(120106,'CHICCHE',1201),(120107,'CHILCA',1201),(120108,'CHONGOS ALTO',1201),(120111,'CHUPURO',1201),(120112,'COLCA',1201),(120113,'CULLHUAS',1201),(120114,'EL TAMBO',1201),(120116,'HUACRAPUQUIO',1201),(120117,'HUALHUAS',1201),(120119,'HUANCAN',1201),(120120,'HUASICANCHA',1201),(120121,'HUAYUCACHI',1201),(120122,'INGENIO',1201),(120124,'PARIAHUANCA   1/',1201),(120125,'PILCOMAYO',1201),(120126,'PUCARA',1201),(120127,'QUICHUAY',1201),(120128,'QUILCAS',1201),(120129,'SAN AGUSTIN',1201),(120130,'SAN JERONIMO DE TUNAN',1201),(120132,'SA',1201),(120133,'SAPALLANGA',1201),(120134,'SICAYA',1201),(120135,'SANTO DOMINGO DE ACOBAMBA',1201),(120136,'VIQUES',1201),(120201,'CONCEPCION',1202),(120202,'ACO',1202),(120203,'ANDAMARCA',1202),(120204,'CHAMBARA',1202),(120205,'COCHAS',1202),(120206,'COMAS',1202),(120207,'HEROINAS TOLEDO',1202),(120208,'MANZANARES',1202),(120209,'MARISCAL CASTILLA',1202),(120210,'MATAHUASI',1202),(120211,'MITO',1202),(120212,'NUEVE DE JULIO',1202),(120213,'ORCOTUNA',1202),(120214,'SAN JOSE DE QUERO',1202),(120215,'SANTA ROSA DE OCOPA',1202),(120301,'CHANCHAMAYO',1203),(120302,'PERENE',1203),(120303,'PICHANAQUI',1203),(120304,'SAN LUIS DE SHUARO',1203),(120305,'SAN RAMON',1203),(120306,'VITOC',1203),(120401,'JAUJA',1204),(120402,'ACOLLA',1204),(120403,'APATA',1204),(120404,'ATAURA',1204),(120405,'CANCHAYLLO',1204),(120406,'CURICACA',1204),(120407,'EL MANTARO',1204),(120408,'HUAMALI',1204),(120409,'HUARIPAMPA',1204),(120410,'HUERTAS',1204),(120411,'JANJAILLO',1204),(120412,'JULCAN',1204),(120413,'LEONOR ORDO',1204),(120414,'LLOCLLAPAMPA',1204),(120415,'MARCO',1204),(120416,'MASMA',1204),(120417,'MASMA CHICCHE',1204),(120418,'MOLINOS',1204),(120419,'MONOBAMBA',1204),(120420,'MUQUI',1204),(120421,'MUQUIYAUYO',1204),(120422,'PACA',1204),(120423,'PACCHA',1204),(120424,'PANCAN',1204),(120425,'PARCO',1204),(120426,'POMACANCHA',1204),(120427,'RICRAN',1204),(120428,'SAN LORENZO',1204),(120429,'SAN PEDRO DE CHUNAN',1204),(120430,'SAUSA',1204),(120431,'SINCOS',1204),(120432,'TUNAN MARCA',1204),(120433,'YAULI',1204),(120434,'YAUYOS',1204),(120501,'JUNIN',1205),(120502,'CARHUAMAYO',1205),(120503,'ONDORES',1205),(120504,'ULCUMAYO',1205),(120601,'SATIPO',1206),(120602,'COVIRIALI',1206),(120603,'LLAYLLA',1206),(120604,'MAZAMARI',1206),(120605,'PAMPA HERMOSA',1206),(120606,'PANGOA',1206),(120607,'RIO NEGRO',1206),(120608,'RIO TAMBO',1206),(120701,'TARMA',1207),(120702,'ACOBAMBA',1207),(120703,'HUARICOLCA',1207),(120704,'HUASAHUASI',1207),(120705,'LA UNION',1207),(120706,'PALCA',1207),(120707,'PALCAMAYO',1207),(120708,'SAN PEDRO DE CAJAS',1207),(120709,'TAPO',1207),(120801,'LA OROYA',1208),(120802,'CHACAPALPA',1208),(120803,'HUAY-HUAY',1208),(120804,'MARCAPOMACOCHA',1208),(120805,'MOROCOCHA',1208),(120806,'PACCHA',1208),(120807,'SANTA BARBARA DE CARHUACAYAN',1208),(120808,'SANTA ROSA DE SACCO',1208),(120809,'SUITUCANCHA',1208),(120810,'YAULI',1208),(120901,'CHUPACA',1209),(120902,'AHUAC',1209),(120903,'CHONGOS BAJO',1209),(120904,'HUACHAC',1209),(120905,'HUAMANCACA CHICO',1209),(120906,'SAN JUAN DE ISCOS',1209),(120907,'SAN JUAN DE JARPA',1209),(120908,'TRES DE DICIEMBRE',1209),(120909,'YANACANCHA',1209),(130101,'TRUJILLO',1301),(130102,'EL PORVENIR',1301),(130103,'FLORENCIA DE MORA',1301),(130104,'HUANCHACO',1301),(130105,'LA ESPERANZA',1301),(130106,'LAREDO',1301),(130107,'MOCHE',1301),(130108,'POROTO',1301),(130109,'SALAVERRY',1301),(130110,'SIMBAL',1301),(130111,'VICTOR LARCO HERRERA',1301),(130201,'ASCOPE',1302),(130202,'CHICAMA',1302),(130203,'CHOCOPE',1302),(130204,'MAGDALENA DE CAO',1302),(130205,'PAIJAN',1302),(130206,'RAZURI',1302),(130207,'SANTIAGO DE CAO',1302),(130208,'CASA GRANDE',1302),(130301,'BOLIVAR',1303),(130302,'BAMBAMARCA',1303),(130303,'CONDORMARCA /1',1303),(130304,'LONGOTEA',1303),(130305,'UCHUMARCA',1303),(130306,'UCUNCHA',1303),(130401,'CHEPEN',1304),(130402,'PACANGA',1304),(130403,'PUEBLO NUEVO',1304),(130501,'JULCAN',1305),(130502,'CALAMARCA',1305),(130503,'CARABAMBA',1305),(130504,'HUASO',1305),(130601,'OTUZCO',1306),(130602,'AGALLPAMPA',1306),(130604,'CHARAT',1306),(130605,'HUARANCHAL',1306),(130606,'LA CUESTA',1306),(130608,'MACHE',1306),(130610,'PARANDAY',1306),(130611,'SALPO',1306),(130613,'SINSICAP',1306),(130614,'USQUIL',1306),(130701,'SAN PEDRO DE LLOC',1307),(130702,'GUADALUPE',1307),(130703,'JEQUETEPEQUE',1307),(130704,'PACASMAYO',1307),(130705,'SAN JOSE',1307),(130801,'TAYABAMBA',1308),(130802,'BULDIBUYO',1308),(130803,'CHILLIA',1308),(130804,'HUANCASPATA',1308),(130805,'HUAYLILLAS',1308),(130806,'HUAYO',1308),(130807,'ONGON',1308),(130808,'PARCOY',1308),(130809,'PATAZ',1308),(130810,'PIAS',1308),(130811,'SANTIAGO DE CHALLAS',1308),(130812,'TAURIJA',1308),(130813,'URPAY',1308),(130901,'HUAMACHUCO',1309),(130902,'CHUGAY',1309),(130903,'COCHORCO',1309),(130904,'CURGOS',1309),(130905,'MARCABAL',1309),(130906,'SANAGORAN',1309),(130907,'SARIN',1309),(130908,'SARTIMBAMBA',1309),(131001,'SANTIAGO DE CHUCO',1310),(131002,'ANGASMARCA',1310),(131003,'CACHICADAN',1310),(131004,'MOLLEBAMBA',1310),(131005,'MOLLEPATA',1310),(131006,'QUIRUVILCA',1310),(131007,'SANTA CRUZ DE CHUCA',1310),(131008,'SITABAMBA',1310),(131101,'CASCAS',1311),(131102,'LUCMA',1311),(131103,'COMPIN',1311),(131104,'SAYAPULLO',1311),(131201,'VIRU',1312),(131202,'CHAO',1312),(131203,'GUADALUPITO',1312),(140101,'CHICLAYO',1401),(140102,'CHONGOYAPE',1401),(140103,'ETEN',1401),(140104,'ETEN PUERTO',1401),(140105,'JOSE LEONARDO ORTIZ',1401),(140106,'LA VICTORIA',1401),(140107,'LAGUNAS   ',1401),(140108,'MONSEFU',1401),(140109,'NUEVA ARICA',1401),(140110,'OYOTUN',1401),(140111,'PICSI',1401),(140112,'PIMENTEL',1401),(140113,'REQUE',1401),(140114,'SANTA ROSA',1401),(140115,'SA',1401),(140116,'CAYALTI',1401),(140117,'PATAPO',1401),(140118,'POMALCA',1401),(140119,'PUCALA',1401),(140120,'TUMAN',1401),(140201,'FERRE',1402),(140202,'CA',1402),(140203,'INCAHUASI',1402),(140204,'MANUEL ANTONIO MESONES MURO',1402),(140205,'PITIPO',1402),(140206,'PUEBLO NUEVO',1402),(140301,'LAMBAYEQUE',1403),(140302,'CHOCHOPE',1403),(140303,'ILLIMO',1403),(140304,'JAYANCA',1403),(140305,'MOCHUMI',1403),(140306,'MORROPE',1403),(140307,'MOTUPE',1403),(140308,'OLMOS',1403),(140309,'PACORA',1403),(140310,'SALAS',1403),(140311,'SAN JOSE',1403),(140312,'TUCUME',1403),(150101,'LIMA',1501),(150102,'ANCON',1501),(150103,'ATE',1501),(150104,'BARRANCO',1501),(150105,'BRE',1501),(150106,'CARABAYLLO',1501),(150107,'CHACLACAYO',1501),(150108,'CHORRILLOS',1501),(150109,'CIENEGUILLA',1501),(150110,'COMAS',1501),(150111,'EL AGUSTINO',1501),(150112,'INDEPENDENCIA',1501),(150113,'JESUS MARIA',1501),(150114,'LA MOLINA',1501),(150115,'LA VICTORIA',1501),(150116,'LINCE',1501),(150117,'LOS OLIVOS',1501),(150118,'LURIGANCHO',1501),(150119,'LURIN',1501),(150120,'MAGDALENA DEL MAR',1501),(150121,'PUEBLO LIBRE',1501),(150122,'MIRAFLORES',1501),(150123,'PACHACAMAC',1501),(150124,'PUCUSANA',1501),(150125,'PUENTE PIEDRA',1501),(150126,'PUNTA HERMOSA',1501),(150127,'PUNTA NEGRA',1501),(150128,'RIMAC',1501),(150129,'SAN BARTOLO',1501),(150130,'SAN BORJA',1501),(150131,'SAN ISIDRO',1501),(150132,'SAN JUAN DE LURIGANCHO',1501),(150133,'SAN JUAN DE MIRAFLORES',1501),(150134,'SAN LUIS',1501),(150135,'SAN MARTIN DE PORRES',1501),(150136,'SAN MIGUEL',1501),(150137,'SANTA ANITA',1501),(150138,'SANTA MARIA DEL MAR',1501),(150139,'SANTA ROSA',1501),(150140,'SANTIAGO DE SURCO',1501),(150141,'SURQUILLO',1501),(150142,'VILLA EL SALVADOR',1501),(150143,'VILLA MARIA DEL TRIUNFO',1501),(150201,'BARRANCA',1502),(150202,'PARAMONGA',1502),(150203,'PATIVILCA',1502),(150204,'SUPE',1502),(150205,'SUPE PUERTO',1502),(150301,'CAJATAMBO',1503),(150302,'COPA',1503),(150303,'GORGOR',1503),(150304,'HUANCAPON',1503),(150305,'MANAS',1503),(150401,'CANTA',1504),(150402,'ARAHUAY',1504),(150403,'HUAMANTANGA',1504),(150404,'HUAROS',1504),(150405,'LACHAQUI',1504),(150406,'SAN BUENAVENTURA',1504),(150407,'SANTA ROSA DE QUIVES',1504),(150501,'SAN VICENTE DE CA',1505),(150502,'ASIA',1505),(150503,'CALANGO',1505),(150504,'CERRO AZUL',1505),(150505,'CHILCA',1505),(150506,'COAYLLO',1505),(150507,'IMPERIAL',1505),(150508,'LUNAHUANA',1505),(150509,'MALA',1505),(150510,'NUEVO IMPERIAL',1505),(150511,'PACARAN',1505),(150512,'QUILMANA',1505),(150513,'SAN ANTONIO',1505),(150514,'SAN LUIS',1505),(150515,'SANTA CRUZ DE FLORES',1505),(150516,'ZU',1505),(150601,'HUARAL',1506),(150602,'ATAVILLOS ALTO',1506),(150603,'ATAVILLOS BAJO',1506),(150604,'AUCALLAMA',1506),(150605,'CHANCAY',1506),(150606,'IHUARI',1506),(150607,'LAMPIAN',1506),(150608,'PACARAOS',1506),(150609,'SAN MIGUEL DE ACOS',1506),(150610,'SANTA CRUZ DE ANDAMARCA',1506),(150611,'SUMBILCA',1506),(150612,'VEINTISIETE DE NOVIEMBRE',1506),(150701,'MATUCANA',1507),(150702,'ANTIOQUIA',1507),(150703,'CALLAHUANCA',1507),(150704,'CARAMPOMA',1507),(150705,'CHICLA',1507),(150706,'CUENCA',1507),(150707,'HUACHUPAMPA',1507),(150708,'HUANZA',1507),(150709,'HUAROCHIRI',1507),(150710,'LAHUAYTAMBO',1507),(150711,'LANGA',1507),(150712,'LARAOS',1507),(150713,'MARIATANA',1507),(150714,'RICARDO PALMA',1507),(150715,'SAN ANDRES DE TUPICOCHA',1507),(150716,'SAN ANTONIO',1507),(150717,'SAN BARTOLOME',1507),(150718,'SAN DAMIAN',1507),(150719,'SAN JUAN DE IRIS',1507),(150720,'SAN JUAN DE TANTARANCHE',1507),(150721,'SAN LORENZO DE QUINTI',1507),(150722,'SAN MATEO',1507),(150723,'SAN MATEO DE OTAO',1507),(150724,'SAN PEDRO DE CASTA',1507),(150725,'SAN PEDRO DE HUANCAYRE',1507),(150726,'SANGALLAYA',1507),(150727,'SANTA CRUZ DE COCACHACRA',1507),(150728,'SANTA EULALIA',1507),(150729,'SANTIAGO DE ANCHUCAYA',1507),(150730,'SANTIAGO DE TUNA',1507),(150731,'SANTO DOMINGO DE LOS OLLEROS',1507),(150732,'SURCO',1507),(150801,'HUACHO',1508),(150802,'AMBAR',1508),(150803,'CALETA DE CARQUIN',1508),(150804,'CHECRAS',1508),(150805,'HUALMAY',1508),(150806,'HUAURA',1508),(150807,'LEONCIO PRADO',1508),(150808,'PACCHO',1508),(150809,'SANTA LEONOR',1508),(150810,'SANTA MARIA',1508),(150811,'SAYAN',1508),(150812,'VEGUETA',1508),(150901,'OYON',1509),(150902,'ANDAJES',1509),(150903,'CAUJUL',1509),(150904,'COCHAMARCA',1509),(150905,'NAVAN',1509),(150906,'PACHANGARA',1509),(151001,'YAUYOS',1510),(151002,'ALIS',1510),(151003,'ALLAUCA',1510),(151004,'AYAVIRI',1510),(151005,'AZANGARO',1510),(151006,'CACRA',1510),(151007,'CARANIA',1510),(151008,'CATAHUASI',1510),(151009,'CHOCOS',1510),(151010,'COCHAS',1510),(151011,'COLONIA',1510),(151012,'HONGOS',1510),(151013,'HUAMPARA',1510),(151014,'HUANCAYA',1510),(151015,'HUANGASCAR',1510),(151016,'HUANTAN',1510),(151017,'HUA',1510),(151018,'LARAOS',1510),(151019,'LINCHA',1510),(151020,'MADEAN',1510),(151021,'MIRAFLORES',1510),(151022,'OMAS',1510),(151023,'PUTINZA',1510),(151024,'QUINCHES',1510),(151025,'QUINOCAY',1510),(151026,'SAN JOAQUIN',1510),(151027,'SAN PEDRO DE PILAS',1510),(151028,'TANTA',1510),(151029,'TAURIPAMPA',1510),(151030,'TOMAS',1510),(151031,'TUPE',1510),(151032,'VI',1510),(151033,'VITIS',1510),(160101,'IQUITOS',1601),(160102,'ALTO NANAY',1601),(160103,'FERNANDO LORES',1601),(160104,'INDIANA',1601),(160105,'LAS AMAZONAS',1601),(160106,'MAZAN',1601),(160107,'NAPO',1601),(160108,'PUNCHANA',1601),(160109,'PUTUMAYO    ',1601),(160110,'TORRES CAUSANA',1601),(160112,'BELEN',1601),(160113,'SAN JUAN BAUTISTA',1601),(160114,'TENIENTE MANUEL CLAVERO',1601),(160201,'YURIMAGUAS',1602),(160202,'BALSAPUERTO',1602),(160205,'JEBEROS',1602),(160206,'LAGUNAS',1602),(160210,'SANTA CRUZ',1602),(160211,'TENIENTE CESAR LOPEZ ROJAS',1602),(160301,'NAUTA',1603),(160302,'PARINARI ',1603),(160303,'TIGRE',1603),(160304,'TROMPETEROS',1603),(160305,'URARINAS',1603),(160401,'RAMON CASTILLA',1604),(160402,'PEBAS',1604),(160403,'YAVARI  /1',1604),(160404,'SAN PABLO',1604),(160501,'REQUENA',1605),(160502,'ALTO TAPICHE',1605),(160503,'CAPELO',1605),(160504,'EMILIO SAN MARTIN',1605),(160505,'MAQUIA',1605),(160506,'PUINAHUA',1605),(160507,'SAQUENA',1605),(160508,'SOPLIN',1605),(160509,'TAPICHE',1605),(160510,'JENARO HERRERA',1605),(160511,'YAQUERANA    ',1605),(160601,'CONTAMANA',1606),(160602,'INAHUAYA',1606),(160603,'PADRE MARQUEZ',1606),(160604,'PAMPA HERMOSA',1606),(160605,'SARAYACU',1606),(160606,'VARGAS GUERRA',1606),(160701,'BARRANCA',1607),(160702,'CAHUAPANAS',1607),(160703,'MANSERICHE',1607),(160704,'MORONA',1607),(160705,'PASTAZA',1607),(160706,'ANDOAS',1607),(170101,'TAMBOPATA',1701),(170102,'INAMBARI ',1701),(170103,'LAS PIEDRAS',1701),(170104,'LABERINTO',1701),(170201,'MANU    ',1702),(170202,'FITZCARRALD    ',1702),(170203,'MADRE DE DIOS    ',1702),(170204,'HUEPETUHE',1702),(170301,'I',1703),(170302,'IBERIA',1703),(170303,'TAHUAMANU',1703),(180101,'MOQUEGUA',1801),(180102,'CARUMAS',1801),(180103,'CUCHUMBAYA',1801),(180104,'SAMEGUA',1801),(180105,'SAN CRISTOBAL',1801),(180106,'TORATA',1801),(180201,'OMATE',1802),(180202,'CHOJATA',1802),(180203,'COALAQUE',1802),(180204,'ICHU',1802),(180205,'LA CAPILLA',1802),(180206,'LLOQUE',1802),(180207,'MATALAQUE',1802),(180208,'PUQUINA',1802),(180209,'QUINISTAQUILLAS',1802),(180210,'UBINAS',1802),(180211,'YUNGA',1802),(180301,'ILO',1803),(180302,'EL ALGARROBAL',1803),(180303,'PACOCHA',1803),(190101,'CHAUPIMARCA',1901),(190102,'HUACHON',1901),(190103,'HUARIACA',1901),(190104,'HUAYLLAY',1901),(190105,'NINACACA',1901),(190106,'PALLANCHACRA',1901),(190107,'PAUCARTAMBO',1901),(190108,'SAN FRANCISCO DE ASIS DE YARUSYACAN',1901),(190109,'SIMON BOLIVAR',1901),(190110,'TICLACAYAN',1901),(190111,'TINYAHUARCO',1901),(190112,'VICCO',1901),(190113,'YANACANCHA',1901),(190201,'YANAHUANCA',1902),(190202,'CHACAYAN',1902),(190203,'GOYLLARISQUIZGA',1902),(190204,'PAUCAR',1902),(190205,'SAN PEDRO DE PILLAO',1902),(190206,'SANTA ANA DE TUSI',1902),(190207,'TAPUC',1902),(190208,'VILCABAMBA',1902),(190301,'OXAPAMPA',1903),(190302,'CHONTABAMBA',1903),(190303,'HUANCABAMBA',1903),(190304,'PALCAZU',1903),(190305,'POZUZO',1903),(190306,'PUERTO BERMUDEZ',1903),(190307,'VILLA RICA',1903),(200101,'PIURA',2001),(200104,'CASTILLA',2001),(200105,'CATACAOS',2001),(200107,'CURA MORI',2001),(200108,'EL TALLAN',2001),(200109,'LA ARENA',2001),(200110,'LA UNION',2001),(200111,'LAS LOMAS',2001),(200114,'TAMBO GRANDE',2001),(200201,'AYABACA',2002),(200202,'FRIAS',2002),(200203,'JILILI',2002),(200204,'LAGUNAS',2002),(200205,'MONTERO',2002),(200206,'PACAIPAMPA',2002),(200207,'PAIMAS',2002),(200208,'SAPILLICA',2002),(200209,'SICCHEZ',2002),(200210,'SUYO',2002),(200301,'HUANCABAMBA',2003),(200302,'CANCHAQUE',2003),(200303,'EL CARMEN DE LA FRONTERA',2003),(200304,'HUARMACA',2003),(200305,'LALAQUIZ',2003),(200306,'SAN MIGUEL DE EL FAIQUE',2003),(200307,'SONDOR',2003),(200308,'SONDORILLO',2003),(200401,'CHULUCANAS',2004),(200402,'BUENOS AIRES',2004),(200403,'CHALACO',2004),(200404,'LA MATANZA',2004),(200405,'MORROPON',2004),(200406,'SALITRAL',2004),(200407,'SAN JUAN DE BIGOTE',2004),(200408,'SANTA CATALINA DE MOSSA',2004),(200409,'SANTO DOMINGO',2004),(200410,'YAMANGO',2004),(200501,'PAITA',2005),(200502,'AMOTAPE',2005),(200503,'ARENAL',2005),(200504,'COLAN',2005),(200505,'LA HUACA',2005),(200506,'TAMARINDO',2005),(200507,'VICHAYAL',2005),(200601,'SULLANA',2006),(200602,'BELLAVISTA',2006),(200603,'IGNACIO ESCUDERO',2006),(200604,'LANCONES',2006),(200605,'MARCAVELICA',2006),(200606,'MIGUEL CHECA',2006),(200607,'QUERECOTILLO',2006),(200608,'SALITRAL',2006),(200701,'PARI',2007),(200702,'EL ALTO',2007),(200703,'LA BREA',2007),(200704,'LOBITOS',2007),(200705,'LOS ORGANOS',2007),(200706,'MANCORA',2007),(200801,'SECHURA',2008),(200802,'BELLAVISTA DE LA UNION',2008),(200803,'BERNAL',2008),(200804,'CRISTO NOS VALGA',2008),(200805,'VICE',2008),(200806,'RINCONADA LLICUAR',2008),(210101,'PUNO',2101),(210102,'ACORA',2101),(210103,'AMANTANI',2101),(210104,'ATUNCOLLA',2101),(210105,'CAPACHICA',2101),(210106,'CHUCUITO',2101),(210107,'COATA',2101),(210108,'HUATA',2101),(210109,'MA',2101),(210110,'PAUCARCOLLA',2101),(210111,'PICHACANI',2101),(210112,'PLATERIA',2101),(210113,'SAN ANTONIO  /1',2101),(210114,'TIQUILLACA',2101),(210115,'VILQUE',2101),(210201,'AZANGARO',2102),(210202,'ACHAYA',2102),(210203,'ARAPA',2102),(210204,'ASILLO',2102),(210205,'CAMINACA',2102),(210206,'CHUPA',2102),(210207,'JOSE DOMINGO CHOQUEHUANCA',2102),(210208,'MU',2102),(210209,'POTONI',2102),(210210,'SAMAN',2102),(210211,'SAN ANTON',2102),(210212,'SAN JOSE',2102),(210213,'SAN JUAN DE SALINAS',2102),(210214,'SANTIAGO DE PUPUJA',2102),(210215,'TIRAPATA',2102),(210301,'MACUSANI',2103),(210302,'AJOYANI',2103),(210303,'AYAPATA',2103),(210304,'COASA',2103),(210305,'CORANI',2103),(210306,'CRUCERO',2103),(210307,'ITUATA   2/',2103),(210308,'OLLACHEA',2103),(210309,'SAN GABAN',2103),(210310,'USICAYOS',2103),(210401,'JULI',2104),(210402,'DESAGUADERO',2104),(210403,'HUACULLANI',2104),(210404,'KELLUYO',2104),(210405,'PISACOMA',2104),(210406,'POMATA',2104),(210407,'ZEPITA',2104),(210501,'ILAVE',2105),(210502,'CAPAZO',2105),(210503,'PILCUYO',2105),(210504,'SANTA ROSA',2105),(210505,'CONDURIRI',2105),(210601,'HUANCANE',2106),(210602,'COJATA',2106),(210603,'HUATASANI',2106),(210604,'INCHUPALLA',2106),(210605,'PUSI',2106),(210606,'ROSASPATA',2106),(210607,'TARACO',2106),(210608,'VILQUE CHICO',2106),(210701,'LAMPA',2107),(210702,'CABANILLA',2107),(210703,'CALAPUJA',2107),(210704,'NICASIO',2107),(210705,'OCUVIRI',2107),(210706,'PALCA',2107),(210707,'PARATIA',2107),(210708,'PUCARA',2107),(210709,'SANTA LUCIA',2107),(210710,'VILAVILA',2107),(210801,'AYAVIRI',2108),(210802,'ANTAUTA',2108),(210803,'CUPI',2108),(210804,'LLALLI',2108),(210805,'MACARI',2108),(210806,'NU',2108),(210807,'ORURILLO',2108),(210808,'SANTA ROSA',2108),(210809,'UMACHIRI',2108),(210901,'MOHO',2109),(210902,'CONIMA',2109),(210903,'HUAYRAPATA',2109),(210904,'TILALI',2109),(211001,'PUTINA',2110),(211002,'ANANEA',2110),(211003,'PEDRO VILCA APAZA',2110),(211004,'QUILCAPUNCU',2110),(211005,'SINA',2110),(211101,'JULIACA',2111),(211102,'CABANA',2111),(211103,'CABANILLAS',2111),(211104,'CARACOTO',2111),(211201,'SANDIA',2112),(211202,'CUYOCUYO',2112),(211203,'LIMBANI',2112),(211204,'PATAMBUCO',2112),(211205,'PHARA',2112),(211206,'QUIACA',2112),(211207,'SAN JUAN DEL ORO',2112),(211208,'YANAHUAYA',2112),(211209,'ALTO INAMBARI',2112),(211210,'SAN PEDRO DE PUTINA PUNCO',2112),(211301,'YUNGUYO',2113),(211302,'ANAPIA',2113),(211303,'COPANI',2113),(211304,'CUTURAPI',2113),(211305,'OLLARAYA',2113),(211306,'TINICACHI',2113),(211307,'UNICACHI',2113),(220101,'MOYOBAMBA',2201),(220102,'CALZADA',2201),(220103,'HABANA',2201),(220104,'JEPELACIO',2201),(220105,'SORITOR',2201),(220106,'YANTALO',2201),(220201,'BELLAVISTA',2202),(220202,'ALTO BIAVO',2202),(220203,'BAJO BIAVO',2202),(220204,'HUALLAGA',2202),(220205,'SAN PABLO',2202),(220206,'SAN RAFAEL',2202),(220301,'SAN JOSE DE SISA',2203),(220302,'AGUA BLANCA',2203),(220303,'SAN MARTIN',2203),(220304,'SANTA ROSA',2203),(220305,'SHATOJA',2203),(220401,'SAPOSOA',2204),(220402,'ALTO SAPOSOA',2204),(220403,'EL ESLABON',2204),(220404,'PISCOYACU',2204),(220405,'SACANCHE',2204),(220406,'TINGO DE SAPOSOA',2204),(220501,'LAMAS',2205),(220502,'ALONSO DE ALVARADO',2205),(220503,'BARRANQUITA',2205),(220504,'CAYNARACHI   1/',2205),(220505,'CU',2205),(220506,'PINTO RECODO',2205),(220507,'RUMISAPA',2205),(220508,'SAN ROQUE DE CUMBAZA',2205),(220509,'SHANAO',2205),(220510,'TABALOSOS',2205),(220511,'ZAPATERO',2205),(220601,'JUANJUI',2206),(220602,'CAMPANILLA',2206),(220603,'HUICUNGO',2206),(220604,'PACHIZA',2206),(220605,'PAJARILLO',2206),(220701,'PICOTA',2207),(220702,'BUENOS AIRES',2207),(220703,'CASPISAPA',2207),(220704,'PILLUANA',2207),(220705,'PUCACACA',2207),(220706,'SAN CRISTOBAL',2207),(220707,'SAN HILARION',2207),(220708,'SHAMBOYACU',2207),(220709,'TINGO DE PONASA',2207),(220710,'TRES UNIDOS',2207),(220801,'RIOJA',2208),(220802,'AWAJUN',2208),(220803,'ELIAS SOPLIN VARGAS',2208),(220804,'NUEVA CAJAMARCA',2208),(220805,'PARDO MIGUEL',2208),(220806,'POSIC',2208),(220807,'SAN FERNANDO',2208),(220808,'YORONGOS',2208),(220809,'YURACYACU',2208),(220901,'TARAPOTO',2209),(220902,'ALBERTO LEVEAU',2209),(220903,'CACATACHI',2209),(220904,'CHAZUTA',2209),(220905,'CHIPURANA',2209),(220906,'EL PORVENIR',2209),(220907,'HUIMBAYOC',2209),(220908,'JUAN GUERRA',2209),(220909,'LA BANDA DE SHILCAYO',2209),(220910,'MORALES',2209),(220911,'PAPAPLAYA',2209),(220912,'SAN ANTONIO',2209),(220913,'SAUCE',2209),(220914,'SHAPAJA',2209),(221001,'TOCACHE',2210),(221002,'NUEVO PROGRESO',2210),(221003,'POLVORA',2210),(221004,'SHUNTE  2/ ',2210),(221005,'UCHIZA',2210),(230101,'TACNA',2301),(230102,'ALTO DE LA ALIANZA',2301),(230103,'CALANA',2301),(230104,'CIUDAD NUEVA',2301),(230105,'INCLAN',2301),(230106,'PACHIA',2301),(230107,'PALCA',2301),(230108,'POCOLLAY',2301),(230109,'SAMA',2301),(230110,'CORONEL GREGORIO ALBARRACIN LANCHIPA',2301),(230201,'CANDARAVE',2302),(230202,'CAIRANI',2302),(230203,'CAMILACA',2302),(230204,'CURIBAYA',2302),(230205,'HUANUARA',2302),(230206,'QUILAHUANI',2302),(230301,'LOCUMBA',2303),(230302,'ILABAYA',2303),(230303,'ITE',2303),(230401,'TARATA',2304),(230402,'HEROES ALBARRACIN',2304),(230403,'ESTIQUE',2304),(230404,'ESTIQUE-PAMPA',2304),(230405,'SITAJARA',2304),(230406,'SUSAPAYA',2304),(230407,'TARUCACHI',2304),(230408,'TICACO',2304),(240101,'TUMBES',2401),(240102,'CORRALES',2401),(240103,'LA CRUZ',2401),(240104,'PAMPAS DE HOSPITAL',2401),(240105,'SAN JACINTO',2401),(240106,'SAN JUAN DE LA VIRGEN',2401),(240201,'ZORRITOS',2402),(240202,'CASITAS',2402),(240203,'CANOAS DE PUNTA SAL',2402),(240301,'ZARUMILLA',2403),(240302,'AGUAS VERDES',2403),(240303,'MATAPALO',2403),(240304,'PAPAYAL',2403),(250101,'CALLERIA',2501),(250102,'CAMPOVERDE',2501),(250103,'IPARIA',2501),(250104,'MASISEA',2501),(250105,'YARINACOCHA',2501),(250106,'NUEVA REQUENA',2501),(250107,'MANANTAY',2501),(250201,'RAYMONDI',2502),(250202,'SEPAHUA',2502),(250203,'TAHUANIA',2502),(250204,'YURUA',2502),(250301,'PADRE ABAD',2503),(250302,'IRAZOLA',2503),(250303,'CURIMANA',2503),(250401,'PURUS',2504);

UNLOCK TABLES;

/*Table structure for table `nro_correlativos` */

DROP TABLE IF EXISTS `nro_correlativos`;

CREATE TABLE `nro_correlativos` (
  `id_nro` int(11) NOT NULL AUTO_INCREMENT,
  `nombre` varchar(30) COLLATE utf8_swedish_ci DEFAULT NULL,
  `ceros` int(11) DEFAULT NULL,
  `numero` decimal(10,0) DEFAULT NULL,
  `activo` int(11) DEFAULT NULL,
  `fecha` date DEFAULT NULL,
  PRIMARY KEY (`id_nro`)
) ENGINE=MEMORY DEFAULT CHARSET=utf8 COLLATE=utf8_swedish_ci;

/*Data for the table `nro_correlativos` */

LOCK TABLES `nro_correlativos` WRITE;

UNLOCK TABLES;

/*Table structure for table `o_analisis_riesgo` */

DROP TABLE IF EXISTS `o_analisis_riesgo`;

CREATE TABLE `o_analisis_riesgo` (
  `id_analisis_riesgo` int(11) NOT NULL AUTO_INCREMENT,
  `id_control` int(11) DEFAULT NULL,
  `id_user` int(11) DEFAULT NULL,
  `codigo_o_servicio` varchar(200) COLLATE utf8_spanish2_ci DEFAULT NULL,
  PRIMARY KEY (`id_analisis_riesgo`)
) ENGINE=MyISAM AUTO_INCREMENT=6 DEFAULT CHARSET=utf8 COLLATE=utf8_spanish2_ci;

/*Data for the table `o_analisis_riesgo` */

LOCK TABLES `o_analisis_riesgo` WRITE;

insert  into `o_analisis_riesgo`(`id_analisis_riesgo`,`id_control`,`id_user`,`codigo_o_servicio`) values (1,78,20,'060720216TSUR'),(2,34,20,'060720216TSUR'),(3,10,20,'060720217TSUR'),(4,55,5,'070720211TSUR'),(5,56,5,'070720211TSUR');

UNLOCK TABLES;

/*Table structure for table `o_categoria` */

DROP TABLE IF EXISTS `o_categoria`;

CREATE TABLE `o_categoria` (
  `id_o_categoria` int(11) NOT NULL AUTO_INCREMENT,
  `detalle` varchar(200) COLLATE utf8_spanish2_ci DEFAULT NULL,
  PRIMARY KEY (`id_o_categoria`)
) ENGINE=MyISAM AUTO_INCREMENT=4 DEFAULT CHARSET=utf8 COLLATE=utf8_spanish2_ci;

/*Data for the table `o_categoria` */

LOCK TABLES `o_categoria` WRITE;

insert  into `o_categoria`(`id_o_categoria`,`detalle`) values (1,'SEGURIDAD'),(2,'MANTENIMIENTO EQUIPO A/C FIJO'),(3,'MANTENIMIENTO EQUIPO A/C MOVIL');

UNLOCK TABLES;

/*Table structure for table `o_servicio` */

DROP TABLE IF EXISTS `o_servicio`;

CREATE TABLE `o_servicio` (
  `id_o_servicio` int(11) NOT NULL AUTO_INCREMENT,
  `fecha_orden_servicio` date DEFAULT NULL,
  `id_acciones` int(11) DEFAULT NULL,
  `nro_orden_servicio` varchar(100) COLLATE utf32_spanish2_ci DEFAULT NULL,
  `id_clientes` int(11) DEFAULT NULL,
  `id_personal` int(11) DEFAULT NULL,
  `id_personal_seguridad` int(11) DEFAULT NULL,
  `id_personal_tecnico_one` int(11) DEFAULT NULL,
  `id_personal_tecnico_two` int(11) DEFAULT NULL,
  `id_personal_tecnico_tree` int(11) DEFAULT NULL,
  `id_responsable_turno` varchar(250) COLLATE utf32_spanish2_ci DEFAULT NULL,
  `id_responsable_area` int(11) DEFAULT NULL,
  `codigo_equipo` varchar(200) COLLATE utf32_spanish2_ci DEFAULT NULL,
  `ot` varchar(200) COLLATE utf32_spanish2_ci DEFAULT NULL,
  `ubicacion` varchar(250) COLLATE utf32_spanish2_ci DEFAULT NULL,
  `estadoac` int(11) DEFAULT NULL,
  `estadoc` int(11) DEFAULT NULL,
  `capacidadbtu` varchar(250) COLLATE utf32_spanish2_ci DEFAULT NULL,
  `gasrefrigerante` varchar(250) COLLATE utf32_spanish2_ci DEFAULT NULL,
  `pesodegas` varchar(250) COLLATE utf32_spanish2_ci DEFAULT NULL,
  `presiontrabajoalta` varchar(250) COLLATE utf32_spanish2_ci DEFAULT NULL,
  `tipo_sistema` varchar(250) COLLATE utf32_spanish2_ci DEFAULT NULL,
  `proceso_realizar` varchar(250) COLLATE utf32_spanish2_ci DEFAULT NULL,
  `estado` int(11) DEFAULT NULL,
  `observaciones` text COLLATE utf32_spanish2_ci DEFAULT NULL,
  `turno_trabajo` int(1) DEFAULT NULL,
  `pendientes` text COLLATE utf32_spanish2_ci DEFAULT NULL,
  `id_user` int(11) DEFAULT NULL,
  `estado_user` int(1) DEFAULT NULL,
  PRIMARY KEY (`id_o_servicio`)
) ENGINE=MyISAM AUTO_INCREMENT=9 DEFAULT CHARSET=utf32 COLLATE=utf32_spanish2_ci;

/*Data for the table `o_servicio` */

LOCK TABLES `o_servicio` WRITE;

insert  into `o_servicio`(`id_o_servicio`,`fecha_orden_servicio`,`id_acciones`,`nro_orden_servicio`,`id_clientes`,`id_personal`,`id_personal_seguridad`,`id_personal_tecnico_one`,`id_personal_tecnico_two`,`id_personal_tecnico_tree`,`id_responsable_turno`,`id_responsable_area`,`codigo_equipo`,`ot`,`ubicacion`,`estadoac`,`estadoc`,`capacidadbtu`,`gasrefrigerante`,`pesodegas`,`presiontrabajoalta`,`tipo_sistema`,`proceso_realizar`,`estado`,`observaciones`,`turno_trabajo`,`pendientes`,`id_user`,`estado_user`) values (1,'2021-07-06',8,'060720211TSUR',11,6,6,4,31,31,'asdasda ',30,'503','123456789','casa',3,3,'','','','','','151',2,'se termino esto y ya',1,'probando ando',NULL,NULL),(2,'2021-07-06',8,'060720212TSUR',11,6,7,3,3,3,'sd sdv sdf',52,'667','987654321','probando ando',2,2,'','','','','','151',1,'lo anulamos por pruebas',2,'ando probando este formulario con muchas dependencias',20,0),(3,'2021-07-06',1,'060720213TSUR',11,5,6,31,3,3,'jkb.jh.jk',52,'477','hjkkhj','jkljkl',2,1,'','','','','','238',2,'sdfsad fsdaf',2,'ghlk hklhkjlhl',20,0),(4,'2021-07-06',1,'060720214TSUR',11,6,7,31,11,3,'fsd sdf sadf sadsd af',49,'477','345345','fsdgsdfgsdfg',2,2,'','','','','','239',2,'sadasd asd',1,'dsf dfs dfsg dsf gsdfgsdf sdf gdsf gsdfg dsf ',20,0),(5,'2021-07-06',1,'060720215TSUR',11,6,7,31,31,31,'dsfsd ds fsdf',48,'477','sdfsd','sdf sd',1,1,'','','','','','239',NULL,NULL,1,'dsf sd fsdf sd fsdf sd f',20,0),(6,'2021-07-06',1,'060720216TSUR',11,6,13,11,3,31,'sdfsdf ',49,'477','sdfsdf','sdfsd',1,1,'','','','','','239',2,'asdsad sad asd',1,'dsf sd sdf sdf sdf sdf dsf sd f sdf sdf sdfsdf sdf sdf ',20,0),(7,'2021-07-06',8,'060720217TSUR',11,6,13,3,3,3,'sadfasdfasdf',51,'486','asdfasdf','asdfasdf',1,1,'','','','','','151',2,'sdafsadfdsaf',2,'sdfsadfsadfasdfasdf',20,0),(8,'2021-07-07',8,'070720211TSUR',11,7,7,3,11,11,'ewrwe wae',49,'477','ewrwaer','waerwaer',1,1,'','','','','','151',2,'adf df sadf ',2,'aSDa dA DAsd  ASD Ad',5,0);

UNLOCK TABLES;

/*Table structure for table `p_grado_instruccion` */

DROP TABLE IF EXISTS `p_grado_instruccion`;

CREATE TABLE `p_grado_instruccion` (
  `id_grado_instruccion` int(11) NOT NULL AUTO_INCREMENT,
  `nombre_grado_instruccion` varchar(150) COLLATE utf8_spanish2_ci DEFAULT NULL,
  PRIMARY KEY (`id_grado_instruccion`)
) ENGINE=MyISAM AUTO_INCREMENT=5 DEFAULT CHARSET=utf8 COLLATE=utf8_spanish2_ci;

/*Data for the table `p_grado_instruccion` */

LOCK TABLES `p_grado_instruccion` WRITE;

insert  into `p_grado_instruccion`(`id_grado_instruccion`,`nombre_grado_instruccion`) values (1,'PRIMARIA'),(2,'SECUNDARIA'),(3,'TECNICO'),(4,'SUPERIOR');

UNLOCK TABLES;

/*Table structure for table `p_personal` */

DROP TABLE IF EXISTS `p_personal`;

CREATE TABLE `p_personal` (
  `id_personal` int(11) NOT NULL AUTO_INCREMENT,
  `id_tipo_documento` int(11) NOT NULL,
  `id_tipo_usuario` int(11) NOT NULL,
  `nro_documento` varchar(50) COLLATE utf8_spanish2_ci NOT NULL,
  `ap_paterno` varchar(150) COLLATE utf8_spanish2_ci DEFAULT NULL,
  `ap_materno` varchar(150) COLLATE utf8_spanish2_ci DEFAULT NULL,
  `nombre` varchar(150) COLLATE utf8_spanish2_ci DEFAULT NULL,
  `nombres` varchar(150) COLLATE utf8_spanish2_ci DEFAULT NULL,
  `id_distrito` int(11) DEFAULT NULL,
  `email` varchar(50) COLLATE utf8_spanish2_ci DEFAULT NULL,
  `direccion` varchar(150) COLLATE utf8_spanish2_ci DEFAULT NULL,
  `id_grado_instruccion` int(11) DEFAULT NULL,
  `accidente_llamar` varchar(150) COLLATE utf8_spanish2_ci DEFAULT NULL,
  `tipo_sangre` varchar(50) COLLATE utf8_spanish2_ci DEFAULT NULL,
  `observaciones` text COLLATE utf8_spanish2_ci DEFAULT NULL,
  `fecha_nacimiento` date DEFAULT NULL,
  `pago_mensual` decimal(10,2) DEFAULT NULL,
  `horas_semana` int(11) DEFAULT NULL,
  `fecha_contrato` date DEFAULT NULL,
  `alergias` varchar(150) COLLATE utf8_spanish2_ci DEFAULT NULL,
  `nacionalidad` varchar(150) COLLATE utf8_spanish2_ci DEFAULT NULL,
  `contacto_emergencia` varchar(250) COLLATE utf8_spanish2_ci DEFAULT NULL,
  `password` varchar(250) COLLATE utf8_spanish2_ci DEFAULT NULL,
  `usuario` varchar(250) COLLATE utf8_spanish2_ci DEFAULT NULL,
  `telefono` varchar(50) COLLATE utf8_spanish2_ci DEFAULT NULL,
  `id_tipo_brevete` int(11) DEFAULT NULL,
  PRIMARY KEY (`id_personal`)
) ENGINE=MyISAM AUTO_INCREMENT=33 DEFAULT CHARSET=utf8 COLLATE=utf8_spanish2_ci;

/*Data for the table `p_personal` */

LOCK TABLES `p_personal` WRITE;

insert  into `p_personal`(`id_personal`,`id_tipo_documento`,`id_tipo_usuario`,`nro_documento`,`ap_paterno`,`ap_materno`,`nombre`,`nombres`,`id_distrito`,`email`,`direccion`,`id_grado_instruccion`,`accidente_llamar`,`tipo_sangre`,`observaciones`,`fecha_nacimiento`,`pago_mensual`,`horas_semana`,`fecha_contrato`,`alergias`,`nacionalidad`,`contacto_emergencia`,`password`,`usuario`,`telefono`,`id_tipo_brevete`) values (1,4,8,'AAF242611','Maisonnave','Daniele','Mariano','',0,'marianomaisonnave@gmail.com','',4,'951867194','','','1992-03-06','1500.00',0,'2021-01-12','','Argentina','Katherine','48ddf458dd661bf109746454ff716b74dc787d10','AAF242611','+5492396607186',0),(2,5,8,'71569489','Calderon','Limache','Mara ','de Ftima',40103,'mcalderonlimache@gmail.com','Cayma Enace Sector 3 J30',4,'951867194','','','2001-01-23','930.00',0,'2020-12-05','','PERUANA','Katherine','3e51fcb9839f194491a15125cd97d18ec00e6e45','71569489','9549383076',0),(3,5,7,'47536746','Araujo','Yallercco','Willian','',0,'tecminwillian@gmail.com','Urb. Inca Garcilazo de la Vega G-8, CUSCO',3,'11111','','','1989-12-09','1900.00',0,'2019-08-15','','PERUANA','acompletar','44e3d3ff49ff59c00c5d16e4e6ad82ba54880efc','47536746','1111111',0),(4,5,7,'74908867','Adco','Villar','Jaime ','Josias',0,'acompletar','VILLA PACIFICO ALTO MISTI- MIR AFLORES',3,'11111','','','2019-07-01','930.00',0,'2019-07-01','','PERUANA','acompletar','14d4037cfd34b36db7ec6e61a138c82426ccf538','74908867','929478474',0),(5,5,9,'72234614','Arenas ','Paredes','Marco','Julio',0,'acompletar','AV JOSE OLAYA 131 CERRO COLORAD',4,'acompletar','','','1996-01-04','930.00',0,'2020-11-27','','PERUANA','acompletar','5c5e427beb8218b8e06f1ec104af429097c068f3','72234614','977727060',0),(6,5,9,'45135706','Bravo','Ramos ','Jhon','',0,'jhon.bravo555@gmail.com','URB.LA FLORIDA B-18 AREQ UIPA-AREQ UIPA-JOSE LUIS BUST AMANTE Y RIVERO',4,'acompletar','','','1988-06-05','2300.00',0,'2018-11-01','','PERUANA','acompletar','e739dbcd262748da151490f01f674eb35dda33f6','45135706',' 986162965',0),(7,5,9,'42074946','Chancafe','Angeles','Carlos','',0,'hernan_cha@hotmail.com','Av. Miguel Grau 227 Chiclayo',4,'acompletar','','','1983-09-14','3500.00',0,'2012-07-01','','PERUANA','acompletar','880a8665f37316adec4fec882129ba46dbb7cfe9','42074946','974792794',0),(8,5,7,'75830214','Charca','Gomez','Alvaro','',0,'alvaro.charca@tecsup.edu.pe','',3,'acompletar','','','1995-09-01','1900.00',0,'1990-01-01','','PERUANA','acompletar','dcd0d0323fe0425502fdc8beaf82341cc6f32233','75830214','943636009',0),(9,5,7,'46296286','Chata','Gonzales','Jhonny','',0,'jhony_1520tu@hotmail.com','AV. SAN MARTIN 316 PUEBLO CALIFORNI A AREQUIP A-AREQUIP A-PAUCAR PATA',3,'acompletar','','','1990-04-26','2200.00',0,'2012-07-15','','PERUANA','acompletar','3e0f88989c2b9ef5dbe9419d1d90467322594a25','46296286','957745711',0),(10,5,7,'48335862','Chavez','Pizango','Jhon','',0,'jhony_1520tu@hotmail.com','Mz.G LT 55 AS.PROV. VIV.LIBERTADORES',3,'acompletar','','','1994-07-23','1900.00',0,'2019-09-01','','PERUANA','acompletar','ee44914d8c9f4f8a4d3c9928c5c66c58067d61b6','48335862','992431787',0),(11,5,7,'41013926','Colque','Cruz','Huber','Angel',0,'saurum39@hotmail.com','PSJ.LORET O 204-A JORGE CHAVEZ A REQUIPA-A REQUIPA-PAUCARPATA',3,'acompletar','','','1980-04-24','3400.00',0,'2017-01-07','','PERUANA','acompletar','bc1dc9ea591875f8ab20ea2dc34583a586e7a1d2','41013926','974524235',0),(12,5,7,'72535400','Perez','Diaz','Christian','Enrique',0,'acompletar','',2,'acompletar','','','1990-01-01','1800.00',0,'2021-02-08','','PERUANA','acompletar','3d43b62bbb871165c934b0606ecd6fffe35349d0','72535400','973246525',0),(13,5,2,'46780406','Dionicio','Chinchay','Luiggi','Jhordan',0,'acompletar','ANEXO SAUCE GRANDE S/N LIMA-BARRANCA-PARAMONGA',4,'acompletar','','','1991-01-13','4000.00',0,'2020-02-29','','PERUANA','acompletar','502fe4eed2941ab895bb10322fa89a226d85b217','46780406','111111111',0),(14,5,6,'974417795','Espinoza','Anco','Liz','Hashely',0,'acompletar','Psje Mi Peru 903 - Jose Luis Bustamante',4,'acompletar','','','1993-12-16','930.00',0,'2021-05-01','','PERUANA','acompletar','926ea32da4a14e20b8fb543f12897a77ddebcad3','974417795','952117041',0),(15,5,8,'72766645','Guevara ','Pacheco','Edwin','Joel',0,'eijeiguevara1233@gmail.com','RAFAEL BELAUNDE CAYMA',4,'acompletar','','','1997-07-24','930.00',0,'2019-06-03','','PERUANA','acompletar','c52dacdf5237a5fed00eb94684c6090f682665c5','72766645','989505218',0),(16,5,4,'70006112','Guillen','Fernandez','Guillermo','',0,'contabilidad@jpingenieria.pe','Urb.  Villa  Jardn Mz  B  Lt  2, Distrito De Cerro Colorado',4,'acompletar','','','1993-01-01','1200.00',0,'2020-12-18','','PERUANA','acompletar','ab8f7e82680b825ecfc428cb70cb89a843168cb2','70006112','941009610',0),(17,5,7,'47347319','Huamani','Gonzales','Grober','',0,'acompletar','ASOC. SOR ANA DE LOS ANGELES MZ B LOTE 5 CERRO COLORAD O',2,'acompletar','','','2012-01-07','1500.00',0,'2012-01-07','','PERUANA','acompletar','7c42cbd949a62107daba1a1da2fad437ed1e7d82','47347319','958366654',0),(18,5,7,'46196819','Huamani','Gonzales','Lucho','',0,'acompletar','ASOC. JOSE C. MARIATEGUI AV. AMAUTA 761 AREQUIPA-AREQUIPA-PAUCARPATA ',3,'acompletar','','','1900-01-01','2200.00',0,'2015-01-02','','PERUANA','acompletar','a1df3d1c746d21fb69650944baa1f3338fb9656c','46196819','acompletar',0),(19,5,7,'47124542','Masias','Perez','Diego','',0,'conejito_la_muerte_156@hotmail.com','',3,'acompletar','','','1992-07-15','1500.00',0,'2015-07-22','','PERUANA','acompletar','948970f4c330d43fee356d059c7cc9662dab1125','47124542','111111111111',0),(20,5,7,'46733660','Muchica','Ituccayasi','Victor','Raul',0,'raulmuchica@gmail.com','CALLE ESPINAR PP.JJ. AMPLIACION PAMPAS DEL CUZCO MZ. A LT. 25 AREQUIPA-AREQUIPA-JACOBO HUNTER ',3,'acompletar','','','1991-02-01','2200.00',0,'2015-05-25','','PERUANA','acompletar','9f47e017cc4d15502a826c10ad623e3edb90b644','46733660','111111111',0),(21,5,2,'43200401','Navarro','Del Aguila','Javier','',0,'acompletar','JR. PUERTO BARRIOS 531 SMP LIMA',4,'977727060','','','1985-07-27','4000.00',0,'2019-09-13','','PERUANA','Jacqueline Paz Lazo','cd02d79f9cc91504a6b3a62adcb04b679e5149c3','43200401','968958574',0),(22,5,9,'70118993','Portal','Machado','Flavio','Jorge',0,'acompletar','urb.jose de la torre ugarte u-260 manzanilla-ICA',4,'acompletar','','','1900-01-01','2800.00',0,'2019-09-10','','PERUANA','acompletar','34df8aebfd4ece36ed251388b7c8410fd6226813','70118993','992768773',0),(23,5,5,'71892788','Portilla','Zenteno','Juliza','Fernanda',0,'acompletar','CALLE ARIAS ARAGUEZ 822 MARIANO MELGAR',4,'acompletar','','','1995-08-16','1200.00',0,'2019-11-08','','PERUANA','acompletar','529cfd57e809852db3476da53a9bec5d2573cf0d','71892788','982533550',0),(24,5,7,'48067553','Rayo ','Becerra','Marcial','',0,'acompletar','Comunidad Cuyo Chico S/N, Pisac, departamento de Cusco',3,'acompletar','','','1900-01-01','1900.00',0,'2021-04-01','','PERUANA','acompletar','7e9fb306a20b760f5ccfc5b3b1ff40902b810b5a','48067553','acompletar',0),(25,5,7,'47040372','Reyes','Antonio','Bryan','Christian',0,'reyes.bryan2611@gmail.com','AV.LIBERTAD 409 SAN MIGUEL ,LIMA',3,'acompletar','','','1990-11-26','1900.00',0,'2019-11-01','','PERUANA','acompletar','da39a3ee5e6b4b0d3255bfef95601890afd80709','47040372','977123265',0),(26,5,7,'46522287','Rivera','Maque','Ebert','',0,'acompletar','PASAJE JOSE CARLOS MARIATEGUI ZONA A MZ G LT 19',3,'acompletar','','','1900-01-01','1500.00',0,'2019-05-31','','PERUANA','acompletar','26846ec38b5e7532aa4f52fe68aaf8d1cf0da872','46522287','994490182',0),(27,5,7,'44043874','Serran','Quesquen','Wilson','Rony',0,'wilser_01@hotmail.com','Mz.J LT.18-Urb.San Elias-Villasol-Los Olivos',3,'acompletar','','','1987-01-05','1900.00',0,'1900-01-01','','PERUANA','acompletar','cebb21cb51d1e664c30aed2e8e43ad1836faae93','44043874','941431275',0),(28,5,7,'71435696','Timoteo','Arredondo','Jenrry','Javier',0,'acompletar','Mz Sincamachay 120 Sec Pacha , Junin',3,'acompletar','','','1900-01-01','1500.00',0,'2021-04-21','','PERUANA','acompletarr','66e5059a44bb6477e7f0de4c151a9624144ed3ab','71435696','11111111',0),(29,5,7,'43035965','Torres','Huillca','Jorge','',0,'acompletar','COMUNID. CCOLLANA CUSCO-CANAS-KUNTURKANKI ',3,'acompletar','','','1900-01-01','1900.00',0,'2016-04-01','','PERUANA','acompletar','25e1cfdc3e14c64cefb29ed4e34e033501a9bf3e','43035965','acompletar',0),(30,5,7,'77380434','Zamata','Ccamaqque','Luis','Fernando',0,'acompletar','SURT II ETAPA MAZ J-5 LT-1  PEDREGAL',3,'acompletar','','','1996-08-06','1500.00',0,'2018-08-09','','PERUANA','acompletar','c952270a1f372ff7d623329d8e21329b8b4ab31d','77380434','acompletar',0),(31,5,7,'001234157','Alastre','Hembert','Jose','',0,'acompletar','URB. GUARDIA CIVIL 3ERA ETAPA E-8 PAUCARPATA AREQUIPA ',3,'acompletar','','','1900-01-01','1900.00',0,'2018-12-15','','PERUANA','acompletar','12bcffbcb751104bb3295687212afc01332c513e','001234157','11111111',0),(32,5,7,'722346143','AFASDF','ASDFDSA','ASDF','SADFASDF',10103,'ASDFASDF','SADFASD',2,'SDAFASD','SADFAS','ASDFASDF','2021-07-14','930.00',3,'2021-07-07','ASDFASDF','PERUANA','ASDF','98cff7723f8625cbbc70d628523300e1de302457','722346143','SDAFASDF',4);

UNLOCK TABLES;

/*Table structure for table `p_tipo_brevete` */

DROP TABLE IF EXISTS `p_tipo_brevete`;

CREATE TABLE `p_tipo_brevete` (
  `id_tipo_brevete` int(11) NOT NULL AUTO_INCREMENT,
  `nombre_tipo_brevete` varchar(50) COLLATE utf8_spanish2_ci DEFAULT NULL,
  PRIMARY KEY (`id_tipo_brevete`)
) ENGINE=MyISAM AUTO_INCREMENT=7 DEFAULT CHARSET=utf8 COLLATE=utf8_spanish2_ci;

/*Data for the table `p_tipo_brevete` */

LOCK TABLES `p_tipo_brevete` WRITE;

insert  into `p_tipo_brevete`(`id_tipo_brevete`,`nombre_tipo_brevete`) values (1,'A-I'),(2,'A-IIA'),(3,'A-IIB'),(4,'A-IIIA'),(5,'A-IIIB'),(6,'A-IIIC');

UNLOCK TABLES;

/*Table structure for table `p_tipo_documento` */

DROP TABLE IF EXISTS `p_tipo_documento`;

CREATE TABLE `p_tipo_documento` (
  `id_tipo_documento` int(11) NOT NULL AUTO_INCREMENT,
  `nombre_tipo_documento` varchar(50) COLLATE utf8_spanish2_ci DEFAULT NULL,
  PRIMARY KEY (`id_tipo_documento`)
) ENGINE=MyISAM AUTO_INCREMENT=6 DEFAULT CHARSET=utf8 COLLATE=utf8_spanish2_ci;

/*Data for the table `p_tipo_documento` */

LOCK TABLES `p_tipo_documento` WRITE;

insert  into `p_tipo_documento`(`id_tipo_documento`,`nombre_tipo_documento`) values (1,'PARTIDA DE NACIMIENTO'),(2,'RUC'),(3,'CARNET DE EXTRANGERIA'),(4,'PASAPORTE'),(5,'DNI');

UNLOCK TABLES;

/*Table structure for table `p_tipo_usuario` */

DROP TABLE IF EXISTS `p_tipo_usuario`;

CREATE TABLE `p_tipo_usuario` (
  `id_tipo_usuario` int(11) NOT NULL AUTO_INCREMENT,
  `nombre_tipo_usuario` varchar(50) COLLATE utf8_spanish2_ci DEFAULT NULL,
  PRIMARY KEY (`id_tipo_usuario`)
) ENGINE=MyISAM AUTO_INCREMENT=10 DEFAULT CHARSET=utf8 COLLATE=utf8_spanish2_ci;

/*Data for the table `p_tipo_usuario` */

LOCK TABLES `p_tipo_usuario` WRITE;

insert  into `p_tipo_usuario`(`id_tipo_usuario`,`nombre_tipo_usuario`) values (1,'ADMINISTRADOR'),(2,'SEGURIDAD'),(3,'LOGISTICA'),(4,'CONTABILIDAD'),(5,'PLANIFICACION'),(6,'RRHH'),(7,'TECNICO'),(8,'PROYECTOS'),(9,'SUPERVISOR');

UNLOCK TABLES;

/*Table structure for table `provincia` */

DROP TABLE IF EXISTS `provincia`;

CREATE TABLE `provincia` (
  `idprovincia` int(4) DEFAULT NULL,
  `provincia` varchar(600) COLLATE utf8_spanish2_ci DEFAULT NULL,
  `iddepartamento` int(2) DEFAULT NULL
) ENGINE=InnoDB DEFAULT CHARSET=utf8 COLLATE=utf8_spanish2_ci;

/*Data for the table `provincia` */

LOCK TABLES `provincia` WRITE;

insert  into `provincia`(`idprovincia`,`provincia`,`iddepartamento`) values (101,'CHACHAPOYAS',1),(102,'BAGUA',1),(103,'BONGARA',1),(104,'CONDORCANQUI',1),(105,'LUYA',1),(106,'RODRIGUEZ DE MENDOZA',1),(107,'UTCUBAMBA',1),(201,'HUARAZ',2),(202,'AIJA',2),(203,'ANTONIO RAYMONDI',2),(204,'ASUNCION',2),(205,'BOLOGNESI',2),(206,'CARHUAZ',2),(207,'CARLOS FERMIN FITZCARRALD',2),(208,'CASMA',2),(209,'CORONGO',2),(210,'HUARI',2),(211,'HUARMEY',2),(212,'HUAYLAS',2),(213,'MARISCAL LUZURIAGA',2),(214,'OCROS',2),(215,'PALLASCA',2),(216,'POMABAMBA',2),(217,'RECUAY',2),(218,'SANTA',2),(219,'SIHUAS',2),(220,'YUNGAY',2),(301,'ABANCAY',3),(302,'ANDAHUAYLAS',3),(303,'ANTABAMBA',3),(304,'AYMARAES',3),(305,'COTABAMBAS',3),(306,'CHINCHEROS',3),(307,'GRAU',3),(401,'AREQUIPA',4),(402,'CAMANA',4),(403,'CARAVELI',4),(404,'CASTILLA',4),(405,'CAYLLOMA',4),(406,'CONDESUYOS',4),(407,'ISLAY',4),(408,'LA UNION',4),(501,'HUAMANGA',5),(502,'CANGALLO',5),(503,'HUANCA SANCOS',5),(504,'HUANTA',5),(505,'LA MAR',5),(506,'LUCANAS',5),(507,'PARINACOCHAS',5),(508,'PAUCAR DEL SARA SARA',5),(509,'SUCRE',5),(510,'VICTOR FAJARDO',5),(511,'VILCAS HUAMAN',5),(601,'CAJAMARCA',6),(602,'CAJABAMBA',6),(603,'CELENDIN',6),(604,'CHOTA',6),(605,'CONTUMAZA',6),(606,'CUTERVO',6),(607,'HUALGAYOC',6),(608,'JAEN',6),(609,'SAN IGNACIO',6),(610,'SAN MARCOS',6),(611,'SAN MIGUEL',6),(612,'SAN PABLO',6),(613,'SANTA CRUZ',6),(701,'PROV. CONST. DEL CALLAO',7),(801,'CUSCO',8),(802,'ACOMAYO',8),(803,'ANTA',8),(804,'CALCA',8),(805,'CANAS',8),(806,'CANCHIS',8),(807,'CHUMBIVILCAS',8),(808,'ESPINAR',8),(809,'LA CONVENCION',8),(810,'PARURO',8),(811,'PAUCARTAMBO',8),(812,'QUISPICANCHI',8),(813,'URUBAMBA',8),(901,'HUANCAVELICA',9),(902,'ACOBAMBA',9),(903,'ANGARAES',9),(904,'CASTROVIRREYNA',9),(905,'CHURCAMPA',9),(906,'HUAYTARA',9),(907,'TAYACAJA',9),(1001,'HUANUCO',10),(1002,'AMBO',10),(1003,'DOS DE MAYO',10),(1004,'HUACAYBAMBA',10),(1005,'HUAMALIES',10),(1006,'LEONCIO PRADO',10),(1007,'MARA',10),(1008,'PACHITEA',10),(1009,'PUERTO INCA',10),(1010,'LAURICOCHA',10),(1011,'YAROWILCA',10),(1101,'ICA',11),(1102,'CHINCHA',11),(1103,'NAZCA',11),(1104,'PALPA',11),(1105,'PISCO',11),(1201,'HUANCAYO',12),(1202,'CONCEPCION',12),(1203,'CHANCHAMAYO',12),(1204,'JAUJA',12),(1205,'JUNIN',12),(1206,'SATIPO',12),(1207,'TARMA',12),(1208,'YAULI',12),(1209,'CHUPACA',12),(1301,'TRUJILLO',13),(1302,'ASCOPE',13),(1303,'BOLIVAR',13),(1304,'CHEPEN',13),(1305,'JULCAN',13),(1306,'OTUZCO',13),(1307,'PACASMAYO',13),(1308,'PATAZ',13),(1309,'SANCHEZ CARRION',13),(1310,'SANTIAGO DE CHUCO',13),(1311,'GRAN CHIMU',13),(1312,'VIRU',13),(1401,'CHICLAYO',14),(1402,'FERRE',14),(1403,'LAMBAYEQUE',14),(1501,'LIMA',15),(1502,'BARRANCA',15),(1503,'CAJATAMBO',15),(1504,'CANTA',15),(1505,'CA',15),(1506,'HUARAL',15),(1507,'HUAROCHIRI',15),(1508,'HUAURA',15),(1509,'OYON',15),(1510,'YAUYOS',15),(1601,'MAYNAS',16),(1602,'ALTO AMAZONAS',16),(1603,'LORETO',16),(1604,'MARISCAL RAMON CASTILLA',16),(1605,'REQUENA',16),(1606,'UCAYALI',16),(1607,'DATEM DEL MARA',16),(1701,'TAMBOPATA',17),(1702,'MANU',17),(1703,'TAHUAMANU',17),(1801,'MARISCAL NIETO',18),(1802,'GENERAL SANCHEZ CERRO',18),(1803,'ILO',18),(1901,'PASCO',19),(1902,'DANIEL ALCIDES CARRION',19),(1903,'OXAPAMPA',19),(2001,'PIURA',20),(2002,'AYABACA',20),(2003,'HUANCABAMBA',20),(2004,'MORROPON',20),(2005,'PAITA',20),(2006,'SULLANA',20),(2007,'TALARA',20),(2008,'SECHURA',20),(2101,'PUNO',21),(2102,'AZANGARO',21),(2103,'CARABAYA',21),(2104,'CHUCUITO',21),(2105,'EL COLLAO',21),(2106,'HUANCANE',21),(2107,'LAMPA',21),(2108,'MELGAR',21),(2109,'MOHO',21),(2110,'SAN ANTONIO DE PUTINA',21),(2111,'SAN ROMAN',21),(2112,'SANDIA',21),(2113,'YUNGUYO',21),(2201,'MOYOBAMBA',22),(2202,'BELLAVISTA',22),(2203,'EL DORADO',22),(2204,'HUALLAGA',22),(2205,'LAMAS',22),(2206,'MARISCAL CACERES',22),(2207,'PICOTA',22),(2208,'RIOJA',22),(2209,'SAN MARTIN',22),(2210,'TOCACHE',22),(2301,'TACNA',23),(2302,'CANDARAVE',23),(2303,'JORGE BASADRE',23),(2304,'TARATA',23),(2401,'TUMBES',24),(2402,'CONTRALMIRANTE VILLAR',24),(2403,'ZARUMILLA',24),(2501,'CORONEL PORTILLO',25),(2502,'ATALAYA',25),(2503,'PADRE ABAD',25),(2504,'PURUS',25);

UNLOCK TABLES;

/*Table structure for table `temp` */

DROP TABLE IF EXISTS `temp`;

CREATE TABLE `temp` (
  `id_temp` int(11) NOT NULL AUTO_INCREMENT,
  `id_control` int(11) DEFAULT NULL,
  `id_user` int(11) DEFAULT NULL,
  `estado` int(1) DEFAULT NULL,
  PRIMARY KEY (`id_temp`)
) ENGINE=MyISAM AUTO_INCREMENT=20 DEFAULT CHARSET=utf8 COLLATE=utf8_spanish2_ci;

/*Data for the table `temp` */

LOCK TABLES `temp` WRITE;

UNLOCK TABLES;

/*Table structure for table `tempo` */

DROP TABLE IF EXISTS `tempo`;

CREATE TABLE `tempo` (
  `id_temo` int(11) NOT NULL AUTO_INCREMENT,
  `identificador` varchar(11) COLLATE utf8_swedish_ci DEFAULT NULL,
  `id_user` int(11) DEFAULT NULL,
  PRIMARY KEY (`id_temo`)
) ENGINE=MyISAM AUTO_INCREMENT=9 DEFAULT CHARSET=utf8 COLLATE=utf8_swedish_ci;

/*Data for the table `tempo` */

LOCK TABLES `tempo` WRITE;

insert  into `tempo`(`id_temo`,`identificador`,`id_user`) values (8,'151',20),(7,'97',20);

UNLOCK TABLES;

/*Table structure for table `tempor` */

DROP TABLE IF EXISTS `tempor`;

CREATE TABLE `tempor` (
  `id_tempor` int(11) NOT NULL AUTO_INCREMENT,
  `identifica` int(11) DEFAULT NULL,
  `id_user` int(11) DEFAULT NULL,
  PRIMARY KEY (`id_tempor`)
) ENGINE=InnoDB AUTO_INCREMENT=8 DEFAULT CHARSET=utf8 COLLATE=utf8_swedish_ci;

/*Data for the table `tempor` */

LOCK TABLES `tempor` WRITE;

insert  into `tempor`(`id_tempor`,`identifica`,`id_user`) values (7,378,20);

UNLOCK TABLES;

/*Table structure for table `tempora` */

DROP TABLE IF EXISTS `tempora`;

CREATE TABLE `tempora` (
  `id_tempora` int(11) NOT NULL AUTO_INCREMENT,
  `identi` int(11) DEFAULT NULL,
  `id_user` int(11) DEFAULT NULL,
  PRIMARY KEY (`id_tempora`)
) ENGINE=InnoDB AUTO_INCREMENT=8 DEFAULT CHARSET=utf8 COLLATE=utf8_swedish_ci;

/*Data for the table `tempora` */

LOCK TABLES `tempora` WRITE;

insert  into `tempora`(`id_tempora`,`identi`,`id_user`) values (7,48,20);

UNLOCK TABLES;

/*Table structure for table `personal_view` */

DROP TABLE IF EXISTS `personal_view`;

/*!50001 DROP VIEW IF EXISTS `personal_view` */;
/*!50001 DROP TABLE IF EXISTS `personal_view` */;

/*!50001 CREATE TABLE  `personal_view`(
 `id_personal` int(11) ,
 `id_tipo_documento` int(11) ,
 `id_tipo_usuario` int(11) ,
 `nro_documento` varchar(50) ,
 `ap_paterno` varchar(150) ,
 `ap_materno` varchar(150) ,
 `nombre` varchar(150) ,
 `nombres` varchar(150) ,
 `id_distrito` int(11) ,
 `email` varchar(50) ,
 `direccion` varchar(150) ,
 `id_grado_instruccion` int(11) ,
 `accidente_llamar` varchar(150) ,
 `tipo_sangre` varchar(50) ,
 `observaciones` text ,
 `fecha_nacimiento` date ,
 `pago_mensual` decimal(10,2) ,
 `horas_semana` int(11) ,
 `fecha_contrato` date ,
 `alergias` varchar(150) ,
 `nacionalidad` varchar(150) ,
 `contacto_emergencia` varchar(250) ,
 `nombre_tipo_documento` varchar(50) ,
 `nombre_tipo_usuario` varchar(50) ,
 `nombre_grado_instruccion` varchar(150) ,
 `distrito` varchar(600) ,
 `provincia` varchar(600) ,
 `departamento` varchar(600) 
)*/;

/*Table structure for table `ubigeo` */

DROP TABLE IF EXISTS `ubigeo`;

/*!50001 DROP VIEW IF EXISTS `ubigeo` */;
/*!50001 DROP TABLE IF EXISTS `ubigeo` */;

/*!50001 CREATE TABLE  `ubigeo`(
 `iddistrito` int(6) ,
 `distrito` varchar(600) ,
 `idprovincia` int(4) ,
 `provincia` varchar(600) ,
 `iddepartamento` int(2) ,
 `departamento` varchar(600) ,
 `idpais` int(4) 
)*/;

/*View structure for view personal_view */

/*!50001 DROP TABLE IF EXISTS `personal_view` */;
/*!50001 DROP VIEW IF EXISTS `personal_view` */;

/*!50001 CREATE ALGORITHM=UNDEFINED DEFINER=`root`@`localhost` SQL SECURITY DEFINER VIEW `personal_view` AS select `p_personal`.`id_personal` AS `id_personal`,`p_personal`.`id_tipo_documento` AS `id_tipo_documento`,`p_personal`.`id_tipo_usuario` AS `id_tipo_usuario`,`p_personal`.`nro_documento` AS `nro_documento`,`p_personal`.`ap_paterno` AS `ap_paterno`,`p_personal`.`ap_materno` AS `ap_materno`,`p_personal`.`nombre` AS `nombre`,`p_personal`.`nombres` AS `nombres`,`p_personal`.`id_distrito` AS `id_distrito`,`p_personal`.`email` AS `email`,`p_personal`.`direccion` AS `direccion`,`p_personal`.`id_grado_instruccion` AS `id_grado_instruccion`,`p_personal`.`accidente_llamar` AS `accidente_llamar`,`p_personal`.`tipo_sangre` AS `tipo_sangre`,`p_personal`.`observaciones` AS `observaciones`,`p_personal`.`fecha_nacimiento` AS `fecha_nacimiento`,`p_personal`.`pago_mensual` AS `pago_mensual`,`p_personal`.`horas_semana` AS `horas_semana`,`p_personal`.`fecha_contrato` AS `fecha_contrato`,`p_personal`.`alergias` AS `alergias`,`p_personal`.`nacionalidad` AS `nacionalidad`,`p_personal`.`contacto_emergencia` AS `contacto_emergencia`,`p_tipo_documento`.`nombre_tipo_documento` AS `nombre_tipo_documento`,`p_tipo_usuario`.`nombre_tipo_usuario` AS `nombre_tipo_usuario`,`p_grado_instruccion`.`nombre_grado_instruccion` AS `nombre_grado_instruccion`,`ubigeo`.`distrito` AS `distrito`,`ubigeo`.`provincia` AS `provincia`,`ubigeo`.`departamento` AS `departamento` from ((((`p_personal` join `p_tipo_documento` on(`p_personal`.`id_tipo_documento` = `p_tipo_documento`.`id_tipo_documento`)) join `p_tipo_usuario` on(`p_personal`.`id_tipo_usuario` = `p_tipo_usuario`.`id_tipo_usuario`)) join `p_grado_instruccion` on(`p_personal`.`id_grado_instruccion` = `p_grado_instruccion`.`nombre_grado_instruccion`)) join `ubigeo` on(`p_personal`.`id_distrito` = `ubigeo`.`iddistrito`)) */;

/*View structure for view ubigeo */

/*!50001 DROP TABLE IF EXISTS `ubigeo` */;
/*!50001 DROP VIEW IF EXISTS `ubigeo` */;

/*!50001 CREATE ALGORITHM=UNDEFINED DEFINER=`root`@`localhost` SQL SECURITY DEFINER VIEW `ubigeo` AS select `distrito`.`iddistrito` AS `iddistrito`,`distrito`.`distrito` AS `distrito`,`distrito`.`idprovincia` AS `idprovincia`,`provincia`.`provincia` AS `provincia`,`provincia`.`iddepartamento` AS `iddepartamento`,`departamento`.`departamento` AS `departamento`,`departamento`.`idpais` AS `idpais` from ((`distrito` join `provincia` on(`distrito`.`idprovincia` = `provincia`.`idprovincia`)) join `departamento` on(`provincia`.`iddepartamento` = `departamento`.`iddepartamento`)) */;

/*!40101 SET SQL_MODE=@OLD_SQL_MODE */;
/*!40014 SET FOREIGN_KEY_CHECKS=@OLD_FOREIGN_KEY_CHECKS */;
/*!40014 SET UNIQUE_CHECKS=@OLD_UNIQUE_CHECKS */;
/*!40111 SET SQL_NOTES=@OLD_SQL_NOTES */;
